"市区町村コード","旧郵便番号","郵便番号","都道府県カナ","市区町村カナ","字カナ","都道府県","市区町村","大字","unknown","unknown","unknown","unknown","unknown","unknown"
01101,"060  ","0600001","ﾎｯｶｲﾄﾞｳ","ｻｯﾎﾟﾛｼﾁｭｳｵｳｸ","ｷﾀ1ｼﾞｮｳﾆｼ","北海道","札幌市中央区","北一条西一丁目",1,0,1,0,0,0
01101,"060  ","0600001","ﾎｯｶｲﾄﾞｳ","ｻｯﾎﾟﾛｼﾁｭｳｵｳｸ","ｷﾀ1ｼﾞｮｳﾆｼ","北海道","札幌市中央区","北一条西二丁目",1,0,1,0,0,0
01101,"060  ","0600001","ﾎｯｶｲﾄﾞｳ","ｻｯﾎﾟﾛｼﾁｭｳｵｳｸ","ｷﾀ1ｼﾞｮｳﾆｼ","北海道","札幌市中央区","北一条西三丁目",1,0,1,0,0,0
01101,"060  ","0600001","ﾎｯｶｲﾄﾞｳ","ｻｯﾎﾟﾛｼﾁｭｳｵｳｸ","ｷﾀ1ｼﾞｮｳﾆｼ","北海道","札幌市中央区","北一条西四丁目",1,0,1,0,0,0
01101,"060  ","0600001","ﾎｯｶｲﾄﾞｳ","ｻｯﾎﾟﾛｼﾁｭｳｵｳｸ","ｷﾀ1ｼﾞｮｳﾆｼ","北海道","札幌市中央区","北一条西五丁目",1,0,1,0,0,0
01101,"060  ","0600001","ﾎｯｶｲﾄﾞｳ","ｻｯﾎﾟﾛｼﾁｭｳｵｳｸ","ｷﾀ1ｼﾞｮｳﾆｼ","北海道","札幌市中央区","北一条西六丁目",1,0,1,0,0,0
01101,"060  ","0600001","ﾎｯｶｲﾄﾞｳ","ｻｯﾎﾟﾛｼﾁｭｳｵｳｸ","ｷﾀ1ｼﾞｮｳﾆｼ","北海道","札幌市中央区","北一条西七丁目",1,0,1,0,0,0
01101,"060  ","0600001","ﾎｯｶｲﾄﾞｳ","ｻｯﾎﾟﾛｼﾁｭｳｵｳｸ","ｷﾀ1ｼﾞｮｳﾆｼ","北海道","札幌市中央区","北一条西八丁目",1,0,1,0,0,0
01101,"060  ","0600001","ﾎｯｶｲﾄﾞｳ","ｻｯﾎﾟﾛｼﾁｭｳｵｳｸ","ｷﾀ1ｼﾞｮｳﾆｼ","北海道","札幌市中央区","北一条西九丁目",1,0,1,0,0,0
01101,"060  ","0600001","ﾎｯｶｲﾄﾞｳ","ｻｯﾎﾟﾛｼﾁｭｳｵｳｸ","ｷﾀ1ｼﾞｮｳﾆｼ","北海道","札幌市中央区","北一条西十丁目",1,0,1,0,0,0
01101,"060  ","0600001","ﾎｯｶｲﾄﾞｳ","ｻｯﾎﾟﾛｼﾁｭｳｵｳｸ","ｷﾀ1ｼﾞｮｳﾆｼ","北海道","札幌市中央区","北一条西十一丁目",1,0,1,0,0,0
01101,"060  ","0600001","ﾎｯｶｲﾄﾞｳ","ｻｯﾎﾟﾛｼﾁｭｳｵｳｸ","ｷﾀ1ｼﾞｮｳﾆｼ","北海道","札幌市中央区","北一条西十二丁目",1,0,1,0,0,0
01101,"060  ","0600001","ﾎｯｶｲﾄﾞｳ","ｻｯﾎﾟﾛｼﾁｭｳｵｳｸ","ｷﾀ1ｼﾞｮｳﾆｼ","北海道","札幌市中央区","北一条西十三丁目",1,0,1,0,0,0
01101,"060  ","0600001","ﾎｯｶｲﾄﾞｳ","ｻｯﾎﾟﾛｼﾁｭｳｵｳｸ","ｷﾀ1ｼﾞｮｳﾆｼ","北海道","札幌市中央区","北一条西十四丁目",1,0,1,0,0,0
01101,"060  ","0600001","ﾎｯｶｲﾄﾞｳ","ｻｯﾎﾟﾛｼﾁｭｳｵｳｸ","ｷﾀ1ｼﾞｮｳﾆｼ","北海道","札幌市中央区","北一条西十五丁目",1,0,1,0,0,0
01101,"060  ","0600001","ﾎｯｶｲﾄﾞｳ","ｻｯﾎﾟﾛｼﾁｭｳｵｳｸ","ｷﾀ1ｼﾞｮｳﾆｼ","北海道","札幌市中央区","北一条西十六丁目",1,0,1,0,0,0
01101,"060  ","0600001","ﾎｯｶｲﾄﾞｳ","ｻｯﾎﾟﾛｼﾁｭｳｵｳｸ","ｷﾀ1ｼﾞｮｳﾆｼ","北海道","札幌市中央区","北一条西十七丁目",1,0,1,0,0,0
01101,"060  ","0600001","ﾎｯｶｲﾄﾞｳ","ｻｯﾎﾟﾛｼﾁｭｳｵｳｸ","ｷﾀ1ｼﾞｮｳﾆｼ","北海道","札幌市中央区","北一条西十八丁目",1,0,1,0,0,0
01101,"060  ","0600001","ﾎｯｶｲﾄﾞｳ","ｻｯﾎﾟﾛｼﾁｭｳｵｳｸ","ｷﾀ1ｼﾞｮｳﾆｼ","北海道","札幌市中央区","北一条西十九丁目",1,0,1,0,0,0
01101,"064  ","0640821","ﾎｯｶｲﾄﾞｳ","ｻｯﾎﾟﾛｼﾁｭｳｵｳｸ","ｷﾀ1ｼﾞｮｳﾆｼ","北海道","札幌市中央区","北一条西二十丁目",1,0,1,0,0,0
01101,"064  ","0640821","ﾎｯｶｲﾄﾞｳ","ｻｯﾎﾟﾛｼﾁｭｳｵｳｸ","ｷﾀ1ｼﾞｮｳﾆｼ","北海道","札幌市中央区","北一条西二十一丁目",1,0,1,0,0,0
01101,"064  ","0640821","ﾎｯｶｲﾄﾞｳ","ｻｯﾎﾟﾛｼﾁｭｳｵｳｸ","ｷﾀ1ｼﾞｮｳﾆｼ","北海道","札幌市中央区","北一条西二十二丁目",1,0,1,0,0,0
01101,"064  ","0640821","ﾎｯｶｲﾄﾞｳ","ｻｯﾎﾟﾛｼﾁｭｳｵｳｸ","ｷﾀ1ｼﾞｮｳﾆｼ","北海道","札幌市中央区","北一条西二十三丁目",1,0,1,0,0,0
01101,"064  ","0640821","ﾎｯｶｲﾄﾞｳ","ｻｯﾎﾟﾛｼﾁｭｳｵｳｸ","ｷﾀ1ｼﾞｮｳﾆｼ","北海道","札幌市中央区","北一条西二十四丁目",1,0,1,0,0,0
01101,"064  ","0640821","ﾎｯｶｲﾄﾞｳ","ｻｯﾎﾟﾛｼﾁｭｳｵｳｸ","ｷﾀ1ｼﾞｮｳﾆｼ","北海道","札幌市中央区","北一条西二十五丁目",1,0,1,0,0,0
01101,"064  ","0640821","ﾎｯｶｲﾄﾞｳ","ｻｯﾎﾟﾛｼﾁｭｳｵｳｸ","ｷﾀ1ｼﾞｮｳﾆｼ","北海道","札幌市中央区","北一条西二十六丁目",1,0,1,0,0,0
01101,"064  ","0640821","ﾎｯｶｲﾄﾞｳ","ｻｯﾎﾟﾛｼﾁｭｳｵｳｸ","ｷﾀ1ｼﾞｮｳﾆｼ","北海道","札幌市中央区","北一条西二十七丁目",1,0,1,0,0,0
01101,"064  ","0640821","ﾎｯｶｲﾄﾞｳ","ｻｯﾎﾟﾛｼﾁｭｳｵｳｸ","ｷﾀ1ｼﾞｮｳﾆｼ","北海道","札幌市中央区","北一条西二十八丁目",1,0,1,0,0,0

01101,"060  ","0600002","ﾎｯｶｲﾄﾞｳ","ｻｯﾎﾟﾛｼﾁｭｳｵｳｸ","ｷﾀ2ｼﾞｮｳﾆｼ","北海道","札幌市中央区","北二条西一丁目",1,0,1,0,0,0
01101,"060  ","0600002","ﾎｯｶｲﾄﾞｳ","ｻｯﾎﾟﾛｼﾁｭｳｵｳｸ","ｷﾀ2ｼﾞｮｳﾆｼ","北海道","札幌市中央区","北二条西二丁目",1,0,1,0,0,0
01101,"060  ","0600002","ﾎｯｶｲﾄﾞｳ","ｻｯﾎﾟﾛｼﾁｭｳｵｳｸ","ｷﾀ2ｼﾞｮｳﾆｼ","北海道","札幌市中央区","北二条西三丁目",1,0,1,0,0,0
01101,"060  ","0600002","ﾎｯｶｲﾄﾞｳ","ｻｯﾎﾟﾛｼﾁｭｳｵｳｸ","ｷﾀ2ｼﾞｮｳﾆｼ","北海道","札幌市中央区","北二条西四丁目",1,0,1,0,0,0
01101,"060  ","0600002","ﾎｯｶｲﾄﾞｳ","ｻｯﾎﾟﾛｼﾁｭｳｵｳｸ","ｷﾀ2ｼﾞｮｳﾆｼ","北海道","札幌市中央区","北二条西五丁目",1,0,1,0,0,0
01101,"060  ","0600002","ﾎｯｶｲﾄﾞｳ","ｻｯﾎﾟﾛｼﾁｭｳｵｳｸ","ｷﾀ2ｼﾞｮｳﾆｼ","北海道","札幌市中央区","北二条西六丁目",1,0,1,0,0,0
01101,"060  ","0600002","ﾎｯｶｲﾄﾞｳ","ｻｯﾎﾟﾛｼﾁｭｳｵｳｸ","ｷﾀ2ｼﾞｮｳﾆｼ","北海道","札幌市中央区","北二条西七丁目",1,0,1,0,0,0
01101,"060  ","0600002","ﾎｯｶｲﾄﾞｳ","ｻｯﾎﾟﾛｼﾁｭｳｵｳｸ","ｷﾀ2ｼﾞｮｳﾆｼ","北海道","札幌市中央区","北二条西八丁目",1,0,1,0,0,0
01101,"060  ","0600002","ﾎｯｶｲﾄﾞｳ","ｻｯﾎﾟﾛｼﾁｭｳｵｳｸ","ｷﾀ2ｼﾞｮｳﾆｼ","北海道","札幌市中央区","北二条西九丁目",1,0,1,0,0,0
01101,"060  ","0600002","ﾎｯｶｲﾄﾞｳ","ｻｯﾎﾟﾛｼﾁｭｳｵｳｸ","ｷﾀ2ｼﾞｮｳﾆｼ","北海道","札幌市中央区","北二条西十丁目",1,0,1,0,0,0
01101,"060  ","0600002","ﾎｯｶｲﾄﾞｳ","ｻｯﾎﾟﾛｼﾁｭｳｵｳｸ","ｷﾀ2ｼﾞｮｳﾆｼ","北海道","札幌市中央区","北二条西十一丁目",1,0,1,0,0,0
01101,"060  ","0600002","ﾎｯｶｲﾄﾞｳ","ｻｯﾎﾟﾛｼﾁｭｳｵｳｸ","ｷﾀ2ｼﾞｮｳﾆｼ","北海道","札幌市中央区","北二条西十二丁目",1,0,1,0,0,0
01101,"060  ","0600002","ﾎｯｶｲﾄﾞｳ","ｻｯﾎﾟﾛｼﾁｭｳｵｳｸ","ｷﾀ2ｼﾞｮｳﾆｼ","北海道","札幌市中央区","北二条西十三丁目",1,0,1,0,0,0
01101,"060  ","0600002","ﾎｯｶｲﾄﾞｳ","ｻｯﾎﾟﾛｼﾁｭｳｵｳｸ","ｷﾀ2ｼﾞｮｳﾆｼ","北海道","札幌市中央区","北二条西十四丁目",1,0,1,0,0,0
01101,"060  ","0600002","ﾎｯｶｲﾄﾞｳ","ｻｯﾎﾟﾛｼﾁｭｳｵｳｸ","ｷﾀ2ｼﾞｮｳﾆｼ","北海道","札幌市中央区","北二条西十五丁目",1,0,1,0,0,0
01101,"060  ","0600002","ﾎｯｶｲﾄﾞｳ","ｻｯﾎﾟﾛｼﾁｭｳｵｳｸ","ｷﾀ2ｼﾞｮｳﾆｼ","北海道","札幌市中央区","北二条西十六丁目",1,0,1,0,0,0
01101,"060  ","0600002","ﾎｯｶｲﾄﾞｳ","ｻｯﾎﾟﾛｼﾁｭｳｵｳｸ","ｷﾀ2ｼﾞｮｳﾆｼ","北海道","札幌市中央区","北二条西十七丁目",1,0,1,0,0,0
01101,"060  ","0600002","ﾎｯｶｲﾄﾞｳ","ｻｯﾎﾟﾛｼﾁｭｳｵｳｸ","ｷﾀ2ｼﾞｮｳﾆｼ","北海道","札幌市中央区","北二条西十八丁目",1,0,1,0,0,0
01101,"060  ","0600002","ﾎｯｶｲﾄﾞｳ","ｻｯﾎﾟﾛｼﾁｭｳｵｳｸ","ｷﾀ2ｼﾞｮｳﾆｼ","北海道","札幌市中央区","北二条西十九丁目",1,0,1,0,0,0
01101,"064  ","0640822","ﾎｯｶｲﾄﾞｳ","ｻｯﾎﾟﾛｼﾁｭｳｵｳｸ","ｷﾀ2ｼﾞｮｳﾆｼ","北海道","札幌市中央区","北二条西二十丁目",1,0,1,0,0,0
01101,"064  ","0640822","ﾎｯｶｲﾄﾞｳ","ｻｯﾎﾟﾛｼﾁｭｳｵｳｸ","ｷﾀ2ｼﾞｮｳﾆｼ","北海道","札幌市中央区","北二条西二十一丁目",1,0,1,0,0,0
01101,"064  ","0640822","ﾎｯｶｲﾄﾞｳ","ｻｯﾎﾟﾛｼﾁｭｳｵｳｸ","ｷﾀ2ｼﾞｮｳﾆｼ","北海道","札幌市中央区","北二条西二十二丁目",1,0,1,0,0,0
01101,"064  ","0640822","ﾎｯｶｲﾄﾞｳ","ｻｯﾎﾟﾛｼﾁｭｳｵｳｸ","ｷﾀ2ｼﾞｮｳﾆｼ","北海道","札幌市中央区","北二条西二十三丁目",1,0,1,0,0,0
01101,"064  ","0640822","ﾎｯｶｲﾄﾞｳ","ｻｯﾎﾟﾛｼﾁｭｳｵｳｸ","ｷﾀ2ｼﾞｮｳﾆｼ","北海道","札幌市中央区","北二条西二十四丁目",1,0,1,0,0,0
01101,"064  ","0640822","ﾎｯｶｲﾄﾞｳ","ｻｯﾎﾟﾛｼﾁｭｳｵｳｸ","ｷﾀ2ｼﾞｮｳﾆｼ","北海道","札幌市中央区","北二条西二十五丁目",1,0,1,0,0,0
01101,"064  ","0640822","ﾎｯｶｲﾄﾞｳ","ｻｯﾎﾟﾛｼﾁｭｳｵｳｸ","ｷﾀ2ｼﾞｮｳﾆｼ","北海道","札幌市中央区","北二条西二十六丁目",1,0,1,0,0,0
01101,"064  ","0640822","ﾎｯｶｲﾄﾞｳ","ｻｯﾎﾟﾛｼﾁｭｳｵｳｸ","ｷﾀ2ｼﾞｮｳﾆｼ","北海道","札幌市中央区","北二条西二十七丁目",1,0,1,0,0,0
01101,"064  ","0640822","ﾎｯｶｲﾄﾞｳ","ｻｯﾎﾟﾛｼﾁｭｳｵｳｸ","ｷﾀ2ｼﾞｮｳﾆｼ","北海道","札幌市中央区","北二条西二十八丁目",1,0,1,0,0,0

01101,"060  ","0600003","ﾎｯｶｲﾄﾞｳ","ｻｯﾎﾟﾛｼﾁｭｳｵｳｸ","ｷﾀ3ｼﾞｮｳﾆｼ","北海道","札幌市中央区","北三条西一丁目",1,0,1,0,0,0
01101,"060  ","0600003","ﾎｯｶｲﾄﾞｳ","ｻｯﾎﾟﾛｼﾁｭｳｵｳｸ","ｷﾀ3ｼﾞｮｳﾆｼ","北海道","札幌市中央区","北三条西二丁目",1,0,1,0,0,0
01101,"060  ","0600003","ﾎｯｶｲﾄﾞｳ","ｻｯﾎﾟﾛｼﾁｭｳｵｳｸ","ｷﾀ3ｼﾞｮｳﾆｼ","北海道","札幌市中央区","北三条西三丁目",1,0,1,0,0,0
01101,"060  ","0600003","ﾎｯｶｲﾄﾞｳ","ｻｯﾎﾟﾛｼﾁｭｳｵｳｸ","ｷﾀ3ｼﾞｮｳﾆｼ","北海道","札幌市中央区","北三条西四丁目",1,0,1,0,0,0
01101,"060  ","0600003","ﾎｯｶｲﾄﾞｳ","ｻｯﾎﾟﾛｼﾁｭｳｵｳｸ","ｷﾀ3ｼﾞｮｳﾆｼ","北海道","札幌市中央区","北三条西五丁目",1,0,1,0,0,0
01101,"060  ","0600003","ﾎｯｶｲﾄﾞｳ","ｻｯﾎﾟﾛｼﾁｭｳｵｳｸ","ｷﾀ3ｼﾞｮｳﾆｼ","北海道","札幌市中央区","北三条西六丁目",1,0,1,0,0,0
01101,"060  ","0600003","ﾎｯｶｲﾄﾞｳ","ｻｯﾎﾟﾛｼﾁｭｳｵｳｸ","ｷﾀ3ｼﾞｮｳﾆｼ","北海道","札幌市中央区","北三条西七丁目",1,0,1,0,0,0
01101,"060  ","0600003","ﾎｯｶｲﾄﾞｳ","ｻｯﾎﾟﾛｼﾁｭｳｵｳｸ","ｷﾀ3ｼﾞｮｳﾆｼ","北海道","札幌市中央区","北三条西八丁目",1,0,1,0,0,0
01101,"060  ","0600003","ﾎｯｶｲﾄﾞｳ","ｻｯﾎﾟﾛｼﾁｭｳｵｳｸ","ｷﾀ3ｼﾞｮｳﾆｼ","北海道","札幌市中央区","北三条西九丁目",1,0,1,0,0,0
01101,"060  ","0600003","ﾎｯｶｲﾄﾞｳ","ｻｯﾎﾟﾛｼﾁｭｳｵｳｸ","ｷﾀ3ｼﾞｮｳﾆｼ","北海道","札幌市中央区","北三条西十丁目",1,0,1,0,0,0
01101,"060  ","0600003","ﾎｯｶｲﾄﾞｳ","ｻｯﾎﾟﾛｼﾁｭｳｵｳｸ","ｷﾀ3ｼﾞｮｳﾆｼ","北海道","札幌市中央区","北三条西十一丁目",1,0,1,0,0,0
01101,"060  ","0600003","ﾎｯｶｲﾄﾞｳ","ｻｯﾎﾟﾛｼﾁｭｳｵｳｸ","ｷﾀ3ｼﾞｮｳﾆｼ","北海道","札幌市中央区","北三条西十二丁目",1,0,1,0,0,0
01101,"060  ","0600003","ﾎｯｶｲﾄﾞｳ","ｻｯﾎﾟﾛｼﾁｭｳｵｳｸ","ｷﾀ3ｼﾞｮｳﾆｼ","北海道","札幌市中央区","北三条西十三丁目",1,0,1,0,0,0
01101,"060  ","0600003","ﾎｯｶｲﾄﾞｳ","ｻｯﾎﾟﾛｼﾁｭｳｵｳｸ","ｷﾀ3ｼﾞｮｳﾆｼ","北海道","札幌市中央区","北三条西十四丁目",1,0,1,0,0,0
01101,"060  ","0600003","ﾎｯｶｲﾄﾞｳ","ｻｯﾎﾟﾛｼﾁｭｳｵｳｸ","ｷﾀ3ｼﾞｮｳﾆｼ","北海道","札幌市中央区","北三条西十五丁目",1,0,1,0,0,0
01101,"060  ","0600003","ﾎｯｶｲﾄﾞｳ","ｻｯﾎﾟﾛｼﾁｭｳｵｳｸ","ｷﾀ3ｼﾞｮｳﾆｼ","北海道","札幌市中央区","北三条西十六丁目",1,0,1,0,0,0
01101,"060  ","0600003","ﾎｯｶｲﾄﾞｳ","ｻｯﾎﾟﾛｼﾁｭｳｵｳｸ","ｷﾀ3ｼﾞｮｳﾆｼ","北海道","札幌市中央区","北三条西十七丁目",1,0,1,0,0,0
01101,"060  ","0600003","ﾎｯｶｲﾄﾞｳ","ｻｯﾎﾟﾛｼﾁｭｳｵｳｸ","ｷﾀ3ｼﾞｮｳﾆｼ","北海道","札幌市中央区","北三条西十八丁目",1,0,1,0,0,0
01101,"060  ","0600003","ﾎｯｶｲﾄﾞｳ","ｻｯﾎﾟﾛｼﾁｭｳｵｳｸ","ｷﾀ3ｼﾞｮｳﾆｼ","北海道","札幌市中央区","北三条西十九丁目",1,0,1,0,0,0
01101,"064  ","0640823","ﾎｯｶｲﾄﾞｳ","ｻｯﾎﾟﾛｼﾁｭｳｵｳｸ","ｷﾀ3ｼﾞｮｳﾆｼ","北海道","札幌市中央区","北三条西二十丁目",1,0,1,0,0,0
01101,"064  ","0640823","ﾎｯｶｲﾄﾞｳ","ｻｯﾎﾟﾛｼﾁｭｳｵｳｸ","ｷﾀ3ｼﾞｮｳﾆｼ","北海道","札幌市中央区","北三条西二十一丁目",1,0,1,0,0,0
01101,"064  ","0640823","ﾎｯｶｲﾄﾞｳ","ｻｯﾎﾟﾛｼﾁｭｳｵｳｸ","ｷﾀ3ｼﾞｮｳﾆｼ","北海道","札幌市中央区","北三条西二十二丁目",1,0,1,0,0,0
01101,"064  ","0640823","ﾎｯｶｲﾄﾞｳ","ｻｯﾎﾟﾛｼﾁｭｳｵｳｸ","ｷﾀ3ｼﾞｮｳﾆｼ","北海道","札幌市中央区","北三条西二十三丁目",1,0,1,0,0,0
01101,"064  ","0640823","ﾎｯｶｲﾄﾞｳ","ｻｯﾎﾟﾛｼﾁｭｳｵｳｸ","ｷﾀ3ｼﾞｮｳﾆｼ","北海道","札幌市中央区","北三条西二十四丁目",1,0,1,0,0,0
01101,"064  ","0640823","ﾎｯｶｲﾄﾞｳ","ｻｯﾎﾟﾛｼﾁｭｳｵｳｸ","ｷﾀ3ｼﾞｮｳﾆｼ","北海道","札幌市中央区","北三条西二十五丁目",1,0,1,0,0,0
01101,"064  ","0640823","ﾎｯｶｲﾄﾞｳ","ｻｯﾎﾟﾛｼﾁｭｳｵｳｸ","ｷﾀ3ｼﾞｮｳﾆｼ","北海道","札幌市中央区","北三条西二十六丁目",1,0,1,0,0,0
01101,"064  ","0640823","ﾎｯｶｲﾄﾞｳ","ｻｯﾎﾟﾛｼﾁｭｳｵｳｸ","ｷﾀ3ｼﾞｮｳﾆｼ","北海道","札幌市中央区","北三条西二十七丁目",1,0,1,0,0,0
01101,"064  ","0640823","ﾎｯｶｲﾄﾞｳ","ｻｯﾎﾟﾛｼﾁｭｳｵｳｸ","ｷﾀ3ｼﾞｮｳﾆｼ","北海道","札幌市中央区","北三条西二十八丁目",1,0,1,0,0,0
01101,"064  ","0640823","ﾎｯｶｲﾄﾞｳ","ｻｯﾎﾟﾛｼﾁｭｳｵｳｸ","ｷﾀ3ｼﾞｮｳﾆｼ","北海道","札幌市中央区","北三条西二十九丁目",1,0,1,0,0,0
01101,"064  ","0640823","ﾎｯｶｲﾄﾞｳ","ｻｯﾎﾟﾛｼﾁｭｳｵｳｸ","ｷﾀ3ｼﾞｮｳﾆｼ","北海道","札幌市中央区","北三条西三十丁目",1,0,1,0,0,0

01101,"060  ","0600004","ﾎｯｶｲﾄﾞｳ","ｻｯﾎﾟﾛｼﾁｭｳｵｳｸ","ｷﾀ4ｼﾞｮｳﾆｼ","北海道","札幌市中央区","北四条西一丁目",1,0,1,0,0,0
01101,"060  ","0600004","ﾎｯｶｲﾄﾞｳ","ｻｯﾎﾟﾛｼﾁｭｳｵｳｸ","ｷﾀ4ｼﾞｮｳﾆｼ","北海道","札幌市中央区","北四条西二丁目",1,0,1,0,0,0
01101,"060  ","0600004","ﾎｯｶｲﾄﾞｳ","ｻｯﾎﾟﾛｼﾁｭｳｵｳｸ","ｷﾀ4ｼﾞｮｳﾆｼ","北海道","札幌市中央区","北四条西三丁目",1,0,1,0,0,0
01101,"060  ","0600004","ﾎｯｶｲﾄﾞｳ","ｻｯﾎﾟﾛｼﾁｭｳｵｳｸ","ｷﾀ4ｼﾞｮｳﾆｼ","北海道","札幌市中央区","北四条西四丁目",1,0,1,0,0,0
01101,"060  ","0600004","ﾎｯｶｲﾄﾞｳ","ｻｯﾎﾟﾛｼﾁｭｳｵｳｸ","ｷﾀ4ｼﾞｮｳﾆｼ","北海道","札幌市中央区","北四条西五丁目",1,0,1,0,0,0
01101,"060  ","0600004","ﾎｯｶｲﾄﾞｳ","ｻｯﾎﾟﾛｼﾁｭｳｵｳｸ","ｷﾀ4ｼﾞｮｳﾆｼ","北海道","札幌市中央区","北四条西六丁目",1,0,1,0,0,0
01101,"060  ","0600004","ﾎｯｶｲﾄﾞｳ","ｻｯﾎﾟﾛｼﾁｭｳｵｳｸ","ｷﾀ4ｼﾞｮｳﾆｼ","北海道","札幌市中央区","北四条西七丁目",1,0,1,0,0,0
01101,"060  ","0600004","ﾎｯｶｲﾄﾞｳ","ｻｯﾎﾟﾛｼﾁｭｳｵｳｸ","ｷﾀ4ｼﾞｮｳﾆｼ","北海道","札幌市中央区","北四条西八丁目",1,0,1,0,0,0
01101,"060  ","0600004","ﾎｯｶｲﾄﾞｳ","ｻｯﾎﾟﾛｼﾁｭｳｵｳｸ","ｷﾀ4ｼﾞｮｳﾆｼ","北海道","札幌市中央区","北四条西九丁目",1,0,1,0,0,0
01101,"060  ","0600004","ﾎｯｶｲﾄﾞｳ","ｻｯﾎﾟﾛｼﾁｭｳｵｳｸ","ｷﾀ4ｼﾞｮｳﾆｼ","北海道","札幌市中央区","北四条西十丁目",1,0,1,0,0,0
01101,"060  ","0600004","ﾎｯｶｲﾄﾞｳ","ｻｯﾎﾟﾛｼﾁｭｳｵｳｸ","ｷﾀ4ｼﾞｮｳﾆｼ","北海道","札幌市中央区","北四条西十一丁目",1,0,1,0,0,0
01101,"060  ","0600004","ﾎｯｶｲﾄﾞｳ","ｻｯﾎﾟﾛｼﾁｭｳｵｳｸ","ｷﾀ4ｼﾞｮｳﾆｼ","北海道","札幌市中央区","北四条西十二丁目",1,0,1,0,0,0
01101,"060  ","0600004","ﾎｯｶｲﾄﾞｳ","ｻｯﾎﾟﾛｼﾁｭｳｵｳｸ","ｷﾀ4ｼﾞｮｳﾆｼ","北海道","札幌市中央区","北四条西十三丁目",1,0,1,0,0,0
01101,"060  ","0600004","ﾎｯｶｲﾄﾞｳ","ｻｯﾎﾟﾛｼﾁｭｳｵｳｸ","ｷﾀ4ｼﾞｮｳﾆｼ","北海道","札幌市中央区","北四条西十四丁目",1,0,1,0,0,0
01101,"060  ","0600004","ﾎｯｶｲﾄﾞｳ","ｻｯﾎﾟﾛｼﾁｭｳｵｳｸ","ｷﾀ4ｼﾞｮｳﾆｼ","北海道","札幌市中央区","北四条西十五丁目",1,0,1,0,0,0
01101,"060  ","0600004","ﾎｯｶｲﾄﾞｳ","ｻｯﾎﾟﾛｼﾁｭｳｵｳｸ","ｷﾀ4ｼﾞｮｳﾆｼ","北海道","札幌市中央区","北四条西十六丁目",1,0,1,0,0,0
01101,"060  ","0600004","ﾎｯｶｲﾄﾞｳ","ｻｯﾎﾟﾛｼﾁｭｳｵｳｸ","ｷﾀ4ｼﾞｮｳﾆｼ","北海道","札幌市中央区","北四条西十七丁目",1,0,1,0,0,0
01101,"060  ","0600004","ﾎｯｶｲﾄﾞｳ","ｻｯﾎﾟﾛｼﾁｭｳｵｳｸ","ｷﾀ4ｼﾞｮｳﾆｼ","北海道","札幌市中央区","北四条西十八丁目",1,0,1,0,0,0
01101,"060  ","0600004","ﾎｯｶｲﾄﾞｳ","ｻｯﾎﾟﾛｼﾁｭｳｵｳｸ","ｷﾀ4ｼﾞｮｳﾆｼ","北海道","札幌市中央区","北四条西十九丁目",1,0,1,0,0,0
01101,"064  ","0640824","ﾎｯｶｲﾄﾞｳ","ｻｯﾎﾟﾛｼﾁｭｳｵｳｸ","ｷﾀ4ｼﾞｮｳﾆｼ","北海道","札幌市中央区","北四条西二十丁目",1,0,1,0,0,0
01101,"064  ","0640824","ﾎｯｶｲﾄﾞｳ","ｻｯﾎﾟﾛｼﾁｭｳｵｳｸ","ｷﾀ4ｼﾞｮｳﾆｼ","北海道","札幌市中央区","北四条西二十一丁目",1,0,1,0,0,0
01101,"064  ","0640824","ﾎｯｶｲﾄﾞｳ","ｻｯﾎﾟﾛｼﾁｭｳｵｳｸ","ｷﾀ4ｼﾞｮｳﾆｼ","北海道","札幌市中央区","北四条西二十二丁目",1,0,1,0,0,0
01101,"064  ","0640824","ﾎｯｶｲﾄﾞｳ","ｻｯﾎﾟﾛｼﾁｭｳｵｳｸ","ｷﾀ4ｼﾞｮｳﾆｼ","北海道","札幌市中央区","北四条西二十三丁目",1,0,1,0,0,0
01101,"064  ","0640824","ﾎｯｶｲﾄﾞｳ","ｻｯﾎﾟﾛｼﾁｭｳｵｳｸ","ｷﾀ4ｼﾞｮｳﾆｼ","北海道","札幌市中央区","北四条西二十四丁目",1,0,1,0,0,0
01101,"064  ","0640824","ﾎｯｶｲﾄﾞｳ","ｻｯﾎﾟﾛｼﾁｭｳｵｳｸ","ｷﾀ4ｼﾞｮｳﾆｼ","北海道","札幌市中央区","北四条西二十五丁目",1,0,1,0,0,0
01101,"064  ","0640824","ﾎｯｶｲﾄﾞｳ","ｻｯﾎﾟﾛｼﾁｭｳｵｳｸ","ｷﾀ4ｼﾞｮｳﾆｼ","北海道","札幌市中央区","北四条西二十六丁目",1,0,1,0,0,0
01101,"064  ","0640824","ﾎｯｶｲﾄﾞｳ","ｻｯﾎﾟﾛｼﾁｭｳｵｳｸ","ｷﾀ4ｼﾞｮｳﾆｼ","北海道","札幌市中央区","北四条西二十七丁目",1,0,1,0,0,0
01101,"064  ","0640824","ﾎｯｶｲﾄﾞｳ","ｻｯﾎﾟﾛｼﾁｭｳｵｳｸ","ｷﾀ4ｼﾞｮｳﾆｼ","北海道","札幌市中央区","北四条西二十八丁目",1,0,1,0,0,0
01101,"064  ","0640824","ﾎｯｶｲﾄﾞｳ","ｻｯﾎﾟﾛｼﾁｭｳｵｳｸ","ｷﾀ4ｼﾞｮｳﾆｼ","北海道","札幌市中央区","北四条西二十九丁目",1,0,1,0,0,0
01101,"064  ","0640824","ﾎｯｶｲﾄﾞｳ","ｻｯﾎﾟﾛｼﾁｭｳｵｳｸ","ｷﾀ4ｼﾞｮｳﾆｼ","北海道","札幌市中央区","北四条西三十丁目",1,0,1,0,0,0

01101,"060  ","0600005","ﾎｯｶｲﾄﾞｳ","ｻｯﾎﾟﾛｼﾁｭｳｵｳｸ","ｷﾀ5ｼﾞｮｳﾆｼ","北海道","札幌市中央区","北五条西一丁目",1,0,1,0,0,0
01101,"060  ","0600005","ﾎｯｶｲﾄﾞｳ","ｻｯﾎﾟﾛｼﾁｭｳｵｳｸ","ｷﾀ5ｼﾞｮｳﾆｼ","北海道","札幌市中央区","北五条西二丁目",1,0,1,0,0,0
01101,"060  ","0600005","ﾎｯｶｲﾄﾞｳ","ｻｯﾎﾟﾛｼﾁｭｳｵｳｸ","ｷﾀ5ｼﾞｮｳﾆｼ","北海道","札幌市中央区","北五条西三丁目",1,0,1,0,0,0
01101,"060  ","0600005","ﾎｯｶｲﾄﾞｳ","ｻｯﾎﾟﾛｼﾁｭｳｵｳｸ","ｷﾀ5ｼﾞｮｳﾆｼ","北海道","札幌市中央区","北五条西四丁目",1,0,1,0,0,0
01101,"060  ","0600005","ﾎｯｶｲﾄﾞｳ","ｻｯﾎﾟﾛｼﾁｭｳｵｳｸ","ｷﾀ5ｼﾞｮｳﾆｼ","北海道","札幌市中央区","北五条西五丁目",1,0,1,0,0,0
01101,"060  ","0600005","ﾎｯｶｲﾄﾞｳ","ｻｯﾎﾟﾛｼﾁｭｳｵｳｸ","ｷﾀ5ｼﾞｮｳﾆｼ","北海道","札幌市中央区","北五条西六丁目",1,0,1,0,0,0
01101,"060  ","0600005","ﾎｯｶｲﾄﾞｳ","ｻｯﾎﾟﾛｼﾁｭｳｵｳｸ","ｷﾀ5ｼﾞｮｳﾆｼ","北海道","札幌市中央区","北五条西七丁目",1,0,1,0,0,0
01101,"060  ","0600005","ﾎｯｶｲﾄﾞｳ","ｻｯﾎﾟﾛｼﾁｭｳｵｳｸ","ｷﾀ5ｼﾞｮｳﾆｼ","北海道","札幌市中央区","北五条西八丁目",1,0,1,0,0,0
01101,"060  ","0600005","ﾎｯｶｲﾄﾞｳ","ｻｯﾎﾟﾛｼﾁｭｳｵｳｸ","ｷﾀ5ｼﾞｮｳﾆｼ","北海道","札幌市中央区","北五条西九丁目",1,0,1,0,0,0
01101,"060  ","0600005","ﾎｯｶｲﾄﾞｳ","ｻｯﾎﾟﾛｼﾁｭｳｵｳｸ","ｷﾀ5ｼﾞｮｳﾆｼ","北海道","札幌市中央区","北五条西十丁目",1,0,1,0,0,0
01101,"060  ","0600005","ﾎｯｶｲﾄﾞｳ","ｻｯﾎﾟﾛｼﾁｭｳｵｳｸ","ｷﾀ5ｼﾞｮｳﾆｼ","北海道","札幌市中央区","北五条西十一丁目",1,0,1,0,0,0
01101,"060  ","0600005","ﾎｯｶｲﾄﾞｳ","ｻｯﾎﾟﾛｼﾁｭｳｵｳｸ","ｷﾀ5ｼﾞｮｳﾆｼ","北海道","札幌市中央区","北五条西十二丁目",1,0,1,0,0,0
01101,"060  ","0600005","ﾎｯｶｲﾄﾞｳ","ｻｯﾎﾟﾛｼﾁｭｳｵｳｸ","ｷﾀ5ｼﾞｮｳﾆｼ","北海道","札幌市中央区","北五条西十三丁目",1,0,1,0,0,0
01101,"060  ","0600005","ﾎｯｶｲﾄﾞｳ","ｻｯﾎﾟﾛｼﾁｭｳｵｳｸ","ｷﾀ5ｼﾞｮｳﾆｼ","北海道","札幌市中央区","北五条西十四丁目",1,0,1,0,0,0
01101,"060  ","0600005","ﾎｯｶｲﾄﾞｳ","ｻｯﾎﾟﾛｼﾁｭｳｵｳｸ","ｷﾀ5ｼﾞｮｳﾆｼ","北海道","札幌市中央区","北五条西十五丁目",1,0,1,0,0,0
01101,"060  ","0600005","ﾎｯｶｲﾄﾞｳ","ｻｯﾎﾟﾛｼﾁｭｳｵｳｸ","ｷﾀ5ｼﾞｮｳﾆｼ","北海道","札幌市中央区","北五条西十六丁目",1,0,1,0,0,0
01101,"060  ","0600005","ﾎｯｶｲﾄﾞｳ","ｻｯﾎﾟﾛｼﾁｭｳｵｳｸ","ｷﾀ5ｼﾞｮｳﾆｼ","北海道","札幌市中央区","北五条西十七丁目",1,0,1,0,0,0
01101,"060  ","0600005","ﾎｯｶｲﾄﾞｳ","ｻｯﾎﾟﾛｼﾁｭｳｵｳｸ","ｷﾀ5ｼﾞｮｳﾆｼ","北海道","札幌市中央区","北五条西十八丁目",1,0,1,0,0,0
01101,"060  ","0600005","ﾎｯｶｲﾄﾞｳ","ｻｯﾎﾟﾛｼﾁｭｳｵｳｸ","ｷﾀ5ｼﾞｮｳﾆｼ","北海道","札幌市中央区","北五条西十九丁目",1,0,1,0,0,0
01101,"060  ","0600005","ﾎｯｶｲﾄﾞｳ","ｻｯﾎﾟﾛｼﾁｭｳｵｳｸ","ｷﾀ5ｼﾞｮｳﾆｼ","北海道","札幌市中央区","北五条西二十丁目",1,0,1,0,0,0
01101,"060  ","0600005","ﾎｯｶｲﾄﾞｳ","ｻｯﾎﾟﾛｼﾁｭｳｵｳｸ","ｷﾀ5ｼﾞｮｳﾆｼ","北海道","札幌市中央区","北五条西二十一丁目",1,0,1,0,0,0
01101,"060  ","0600005","ﾎｯｶｲﾄﾞｳ","ｻｯﾎﾟﾛｼﾁｭｳｵｳｸ","ｷﾀ5ｼﾞｮｳﾆｼ","北海道","札幌市中央区","北五条西二十二丁目",1,0,1,0,0,0
01101,"060  ","0600005","ﾎｯｶｲﾄﾞｳ","ｻｯﾎﾟﾛｼﾁｭｳｵｳｸ","ｷﾀ5ｼﾞｮｳﾆｼ","北海道","札幌市中央区","北五条西二十三丁目",1,0,1,0,0,0
01101,"060  ","0600005","ﾎｯｶｲﾄﾞｳ","ｻｯﾎﾟﾛｼﾁｭｳｵｳｸ","ｷﾀ5ｼﾞｮｳﾆｼ","北海道","札幌市中央区","北五条西二十四丁目",1,0,1,0,0,0
01101,"064  ","0640825","ﾎｯｶｲﾄﾞｳ","ｻｯﾎﾟﾛｼﾁｭｳｵｳｸ","ｷﾀ5ｼﾞｮｳﾆｼ","北海道","札幌市中央区","北五条西二十五丁目",1,0,1,0,0,0
01101,"064  ","0640825","ﾎｯｶｲﾄﾞｳ","ｻｯﾎﾟﾛｼﾁｭｳｵｳｸ","ｷﾀ5ｼﾞｮｳﾆｼ","北海道","札幌市中央区","北五条西二十六丁目",1,0,1,0,0,0
01101,"064  ","0640825","ﾎｯｶｲﾄﾞｳ","ｻｯﾎﾟﾛｼﾁｭｳｵｳｸ","ｷﾀ5ｼﾞｮｳﾆｼ","北海道","札幌市中央区","北五条西二十七丁目",1,0,1,0,0,0
01101,"064  ","0640825","ﾎｯｶｲﾄﾞｳ","ｻｯﾎﾟﾛｼﾁｭｳｵｳｸ","ｷﾀ5ｼﾞｮｳﾆｼ","北海道","札幌市中央区","北五条西二十八丁目",1,0,1,0,0,0
01101,"064  ","0640825","ﾎｯｶｲﾄﾞｳ","ｻｯﾎﾟﾛｼﾁｭｳｵｳｸ","ｷﾀ5ｼﾞｮｳﾆｼ","北海道","札幌市中央区","北五条西二十九丁目",1,0,1,0,0,0

01101,"060  ","0600006","ﾎｯｶｲﾄﾞｳ","ｻｯﾎﾟﾛｼﾁｭｳｵｳｸ","ｷﾀ6ｼﾞｮｳﾆｼ","北海道","札幌市中央区","北六条西十丁目",1,0,1,0,0,0
01101,"060  ","0600006","ﾎｯｶｲﾄﾞｳ","ｻｯﾎﾟﾛｼﾁｭｳｵｳｸ","ｷﾀ6ｼﾞｮｳﾆｼ","北海道","札幌市中央区","北六条西十一丁目",1,0,1,0,0,0
01101,"060  ","0600006","ﾎｯｶｲﾄﾞｳ","ｻｯﾎﾟﾛｼﾁｭｳｵｳｸ","ｷﾀ6ｼﾞｮｳﾆｼ","北海道","札幌市中央区","北六条西十二丁目",1,0,1,0,0,0
01101,"060  ","0600006","ﾎｯｶｲﾄﾞｳ","ｻｯﾎﾟﾛｼﾁｭｳｵｳｸ","ｷﾀ6ｼﾞｮｳﾆｼ","北海道","札幌市中央区","北六条西十三丁目",1,0,1,0,0,0
01101,"060  ","0600006","ﾎｯｶｲﾄﾞｳ","ｻｯﾎﾟﾛｼﾁｭｳｵｳｸ","ｷﾀ6ｼﾞｮｳﾆｼ","北海道","札幌市中央区","北六条西十四丁目",1,0,1,0,0,0
01101,"060  ","0600006","ﾎｯｶｲﾄﾞｳ","ｻｯﾎﾟﾛｼﾁｭｳｵｳｸ","ｷﾀ6ｼﾞｮｳﾆｼ","北海道","札幌市中央区","北六条西十五丁目",1,0,1,0,0,0
01101,"060  ","0600006","ﾎｯｶｲﾄﾞｳ","ｻｯﾎﾟﾛｼﾁｭｳｵｳｸ","ｷﾀ6ｼﾞｮｳﾆｼ","北海道","札幌市中央区","北六条西十六丁目",1,0,1,0,0,0
01101,"060  ","0600006","ﾎｯｶｲﾄﾞｳ","ｻｯﾎﾟﾛｼﾁｭｳｵｳｸ","ｷﾀ6ｼﾞｮｳﾆｼ","北海道","札幌市中央区","北六条西十七丁目",1,0,1,0,0,0
01101,"060  ","0600006","ﾎｯｶｲﾄﾞｳ","ｻｯﾎﾟﾛｼﾁｭｳｵｳｸ","ｷﾀ6ｼﾞｮｳﾆｼ","北海道","札幌市中央区","北六条西十八丁目",1,0,1,0,0,0
01101,"060  ","0600006","ﾎｯｶｲﾄﾞｳ","ｻｯﾎﾟﾛｼﾁｭｳｵｳｸ","ｷﾀ6ｼﾞｮｳﾆｼ","北海道","札幌市中央区","北六条西十九丁目",1,0,1,0,0,0
01101,"060  ","0600006","ﾎｯｶｲﾄﾞｳ","ｻｯﾎﾟﾛｼﾁｭｳｵｳｸ","ｷﾀ6ｼﾞｮｳﾆｼ","北海道","札幌市中央区","北六条西二十丁目",1,0,1,0,0,0
01101,"060  ","0600006","ﾎｯｶｲﾄﾞｳ","ｻｯﾎﾟﾛｼﾁｭｳｵｳｸ","ｷﾀ6ｼﾞｮｳﾆｼ","北海道","札幌市中央区","北六条西二十一丁目",1,0,1,0,0,0
01101,"060  ","0600006","ﾎｯｶｲﾄﾞｳ","ｻｯﾎﾟﾛｼﾁｭｳｵｳｸ","ｷﾀ6ｼﾞｮｳﾆｼ","北海道","札幌市中央区","北六条西二十二丁目",1,0,1,0,0,0
01101,"060  ","0600006","ﾎｯｶｲﾄﾞｳ","ｻｯﾎﾟﾛｼﾁｭｳｵｳｸ","ｷﾀ6ｼﾞｮｳﾆｼ","北海道","札幌市中央区","北六条西二十三丁目",1,0,1,0,0,0
01101,"060  ","0600006","ﾎｯｶｲﾄﾞｳ","ｻｯﾎﾟﾛｼﾁｭｳｵｳｸ","ｷﾀ6ｼﾞｮｳﾆｼ","北海道","札幌市中央区","北六条西二十四丁目",1,0,1,0,0,0
01101,"060  ","0600006","ﾎｯｶｲﾄﾞｳ","ｻｯﾎﾟﾛｼﾁｭｳｵｳｸ","ｷﾀ6ｼﾞｮｳﾆｼ","北海道","札幌市中央区","北六条西二十五丁目",1,0,1,0,0,0
01101,"064  ","0640826","ﾎｯｶｲﾄﾞｳ","ｻｯﾎﾟﾛｼﾁｭｳｵｳｸ","ｷﾀ6ｼﾞｮｳﾆｼ","北海道","札幌市中央区","北六条西二十六丁目",1,0,1,0,0,0
01101,"064  ","0640826","ﾎｯｶｲﾄﾞｳ","ｻｯﾎﾟﾛｼﾁｭｳｵｳｸ","ｷﾀ6ｼﾞｮｳﾆｼ","北海道","札幌市中央区","北六条西二十七丁目",1,0,1,0,0,0
01101,"064  ","0640826","ﾎｯｶｲﾄﾞｳ","ｻｯﾎﾟﾛｼﾁｭｳｵｳｸ","ｷﾀ6ｼﾞｮｳﾆｼ","北海道","札幌市中央区","北六条西二十八丁目",1,0,1,0,0,0

01101,"060  ","0600061","ﾎｯｶｲﾄﾞｳ","ｻｯﾎﾟﾛｼﾁｭｳｵｳｸ","ﾐﾅﾐ1ｼﾞｮｳﾆｼ","北海道","札幌市中央区","南一条西一丁目",1,0,1,0,0,0
01101,"060  ","0600061","ﾎｯｶｲﾄﾞｳ","ｻｯﾎﾟﾛｼﾁｭｳｵｳｸ","ﾐﾅﾐ1ｼﾞｮｳﾆｼ","北海道","札幌市中央区","南一条西二丁目",1,0,1,0,0,0
01101,"060  ","0600061","ﾎｯｶｲﾄﾞｳ","ｻｯﾎﾟﾛｼﾁｭｳｵｳｸ","ﾐﾅﾐ1ｼﾞｮｳﾆｼ","北海道","札幌市中央区","南一条西三丁目",1,0,1,0,0,0
01101,"060  ","0600061","ﾎｯｶｲﾄﾞｳ","ｻｯﾎﾟﾛｼﾁｭｳｵｳｸ","ﾐﾅﾐ1ｼﾞｮｳﾆｼ","北海道","札幌市中央区","南一条西四丁目",1,0,1,0,0,0
01101,"060  ","0600061","ﾎｯｶｲﾄﾞｳ","ｻｯﾎﾟﾛｼﾁｭｳｵｳｸ","ﾐﾅﾐ1ｼﾞｮｳﾆｼ","北海道","札幌市中央区","南一条西五丁目",1,0,1,0,0,0
01101,"060  ","0600061","ﾎｯｶｲﾄﾞｳ","ｻｯﾎﾟﾛｼﾁｭｳｵｳｸ","ﾐﾅﾐ1ｼﾞｮｳﾆｼ","北海道","札幌市中央区","南一条西六丁目",1,0,1,0,0,0
01101,"060  ","0600061","ﾎｯｶｲﾄﾞｳ","ｻｯﾎﾟﾛｼﾁｭｳｵｳｸ","ﾐﾅﾐ1ｼﾞｮｳﾆｼ","北海道","札幌市中央区","南一条西七丁目",1,0,1,0,0,0
01101,"060  ","0600061","ﾎｯｶｲﾄﾞｳ","ｻｯﾎﾟﾛｼﾁｭｳｵｳｸ","ﾐﾅﾐ1ｼﾞｮｳﾆｼ","北海道","札幌市中央区","南一条西八丁目",1,0,1,0,0,0
01101,"060  ","0600061","ﾎｯｶｲﾄﾞｳ","ｻｯﾎﾟﾛｼﾁｭｳｵｳｸ","ﾐﾅﾐ1ｼﾞｮｳﾆｼ","北海道","札幌市中央区","南一条西九丁目",1,0,1,0,0,0
01101,"060  ","0600061","ﾎｯｶｲﾄﾞｳ","ｻｯﾎﾟﾛｼﾁｭｳｵｳｸ","ﾐﾅﾐ1ｼﾞｮｳﾆｼ","北海道","札幌市中央区","南一条西十丁目",1,0,1,0,0,0
01101,"060  ","0600061","ﾎｯｶｲﾄﾞｳ","ｻｯﾎﾟﾛｼﾁｭｳｵｳｸ","ﾐﾅﾐ1ｼﾞｮｳﾆｼ","北海道","札幌市中央区","南一条西十一丁目",1,0,1,0,0,0
01101,"060  ","0600061","ﾎｯｶｲﾄﾞｳ","ｻｯﾎﾟﾛｼﾁｭｳｵｳｸ","ﾐﾅﾐ1ｼﾞｮｳﾆｼ","北海道","札幌市中央区","南一条西十二丁目",1,0,1,0,0,0
01101,"060  ","0600061","ﾎｯｶｲﾄﾞｳ","ｻｯﾎﾟﾛｼﾁｭｳｵｳｸ","ﾐﾅﾐ1ｼﾞｮｳﾆｼ","北海道","札幌市中央区","南一条西十三丁目",1,0,1,0,0,0
01101,"060  ","0600061","ﾎｯｶｲﾄﾞｳ","ｻｯﾎﾟﾛｼﾁｭｳｵｳｸ","ﾐﾅﾐ1ｼﾞｮｳﾆｼ","北海道","札幌市中央区","南一条西十四丁目",1,0,1,0,0,0
01101,"060  ","0600061","ﾎｯｶｲﾄﾞｳ","ｻｯﾎﾟﾛｼﾁｭｳｵｳｸ","ﾐﾅﾐ1ｼﾞｮｳﾆｼ","北海道","札幌市中央区","南一条西十五丁目",1,0,1,0,0,0
01101,"060  ","0600061","ﾎｯｶｲﾄﾞｳ","ｻｯﾎﾟﾛｼﾁｭｳｵｳｸ","ﾐﾅﾐ1ｼﾞｮｳﾆｼ","北海道","札幌市中央区","南一条西十六丁目",1,0,1,0,0,0
01101,"060  ","0600061","ﾎｯｶｲﾄﾞｳ","ｻｯﾎﾟﾛｼﾁｭｳｵｳｸ","ﾐﾅﾐ1ｼﾞｮｳﾆｼ","北海道","札幌市中央区","南一条西十七丁目",1,0,1,0,0,0
01101,"060  ","0600061","ﾎｯｶｲﾄﾞｳ","ｻｯﾎﾟﾛｼﾁｭｳｵｳｸ","ﾐﾅﾐ1ｼﾞｮｳﾆｼ","北海道","札幌市中央区","南一条西十八丁目",1,0,1,0,0,0
01101,"060  ","0600061","ﾎｯｶｲﾄﾞｳ","ｻｯﾎﾟﾛｼﾁｭｳｵｳｸ","ﾐﾅﾐ1ｼﾞｮｳﾆｼ","北海道","札幌市中央区","南一条西十九丁目",1,0,1,0,0,0
01101,"064  ","0640801","ﾎｯｶｲﾄﾞｳ","ｻｯﾎﾟﾛｼﾁｭｳｵｳｸ","ﾐﾅﾐ1ｼﾞｮｳﾆｼ","北海道","札幌市中央区","南一条西二十丁目",1,0,1,0,0,0
01101,"064  ","0640801","ﾎｯｶｲﾄﾞｳ","ｻｯﾎﾟﾛｼﾁｭｳｵｳｸ","ﾐﾅﾐ1ｼﾞｮｳﾆｼ","北海道","札幌市中央区","南一条西二十一丁目",1,0,1,0,0,0
01101,"064  ","0640801","ﾎｯｶｲﾄﾞｳ","ｻｯﾎﾟﾛｼﾁｭｳｵｳｸ","ﾐﾅﾐ1ｼﾞｮｳﾆｼ","北海道","札幌市中央区","南一条西二十二丁目",1,0,1,0,0,0
01101,"064  ","0640801","ﾎｯｶｲﾄﾞｳ","ｻｯﾎﾟﾛｼﾁｭｳｵｳｸ","ﾐﾅﾐ1ｼﾞｮｳﾆｼ","北海道","札幌市中央区","南一条西二十三丁目",1,0,1,0,0,0
01101,"064  ","0640801","ﾎｯｶｲﾄﾞｳ","ｻｯﾎﾟﾛｼﾁｭｳｵｳｸ","ﾐﾅﾐ1ｼﾞｮｳﾆｼ","北海道","札幌市中央区","南一条西二十四丁目",1,0,1,0,0,0
01101,"064  ","0640801","ﾎｯｶｲﾄﾞｳ","ｻｯﾎﾟﾛｼﾁｭｳｵｳｸ","ﾐﾅﾐ1ｼﾞｮｳﾆｼ","北海道","札幌市中央区","南一条西二十五丁目",1,0,1,0,0,0
01101,"064  ","0640801","ﾎｯｶｲﾄﾞｳ","ｻｯﾎﾟﾛｼﾁｭｳｵｳｸ","ﾐﾅﾐ1ｼﾞｮｳﾆｼ","北海道","札幌市中央区","南一条西二十六丁目",1,0,1,0,0,0
01101,"064  ","0640801","ﾎｯｶｲﾄﾞｳ","ｻｯﾎﾟﾛｼﾁｭｳｵｳｸ","ﾐﾅﾐ1ｼﾞｮｳﾆｼ","北海道","札幌市中央区","南一条西二十七丁目",1,0,1,0,0,0
01101,"064  ","0640801","ﾎｯｶｲﾄﾞｳ","ｻｯﾎﾟﾛｼﾁｭｳｵｳｸ","ﾐﾅﾐ1ｼﾞｮｳﾆｼ","北海道","札幌市中央区","南一条西二十八丁目",1,0,1,0,0,0

01101,"060  ","0600062","ﾎｯｶｲﾄﾞｳ","ｻｯﾎﾟﾛｼﾁｭｳｵｳｸ","ﾐﾅﾐ2ｼﾞｮｳﾆｼ","北海道","札幌市中央区","南二条西一丁目",1,0,1,0,0,0
01101,"060  ","0600062","ﾎｯｶｲﾄﾞｳ","ｻｯﾎﾟﾛｼﾁｭｳｵｳｸ","ﾐﾅﾐ2ｼﾞｮｳﾆｼ","北海道","札幌市中央区","南二条西二丁目",1,0,1,0,0,0
01101,"060  ","0600062","ﾎｯｶｲﾄﾞｳ","ｻｯﾎﾟﾛｼﾁｭｳｵｳｸ","ﾐﾅﾐ2ｼﾞｮｳﾆｼ","北海道","札幌市中央区","南二条西三丁目",1,0,1,0,0,0
01101,"060  ","0600062","ﾎｯｶｲﾄﾞｳ","ｻｯﾎﾟﾛｼﾁｭｳｵｳｸ","ﾐﾅﾐ2ｼﾞｮｳﾆｼ","北海道","札幌市中央区","南二条西四丁目",1,0,1,0,0,0
01101,"060  ","0600062","ﾎｯｶｲﾄﾞｳ","ｻｯﾎﾟﾛｼﾁｭｳｵｳｸ","ﾐﾅﾐ2ｼﾞｮｳﾆｼ","北海道","札幌市中央区","南二条西五丁目",1,0,1,0,0,0
01101,"060  ","0600062","ﾎｯｶｲﾄﾞｳ","ｻｯﾎﾟﾛｼﾁｭｳｵｳｸ","ﾐﾅﾐ2ｼﾞｮｳﾆｼ","北海道","札幌市中央区","南二条西六丁目",1,0,1,0,0,0
01101,"060  ","0600062","ﾎｯｶｲﾄﾞｳ","ｻｯﾎﾟﾛｼﾁｭｳｵｳｸ","ﾐﾅﾐ2ｼﾞｮｳﾆｼ","北海道","札幌市中央区","南二条西七丁目",1,0,1,0,0,0
01101,"060  ","0600062","ﾎｯｶｲﾄﾞｳ","ｻｯﾎﾟﾛｼﾁｭｳｵｳｸ","ﾐﾅﾐ2ｼﾞｮｳﾆｼ","北海道","札幌市中央区","南二条西八丁目",1,0,1,0,0,0
01101,"060  ","0600062","ﾎｯｶｲﾄﾞｳ","ｻｯﾎﾟﾛｼﾁｭｳｵｳｸ","ﾐﾅﾐ2ｼﾞｮｳﾆｼ","北海道","札幌市中央区","南二条西九丁目",1,0,1,0,0,0
01101,"060  ","0600062","ﾎｯｶｲﾄﾞｳ","ｻｯﾎﾟﾛｼﾁｭｳｵｳｸ","ﾐﾅﾐ2ｼﾞｮｳﾆｼ","北海道","札幌市中央区","南二条西十丁目",1,0,1,0,0,0
01101,"060  ","0600062","ﾎｯｶｲﾄﾞｳ","ｻｯﾎﾟﾛｼﾁｭｳｵｳｸ","ﾐﾅﾐ2ｼﾞｮｳﾆｼ","北海道","札幌市中央区","南二条西十一丁目",1,0,1,0,0,0
01101,"060  ","0600062","ﾎｯｶｲﾄﾞｳ","ｻｯﾎﾟﾛｼﾁｭｳｵｳｸ","ﾐﾅﾐ2ｼﾞｮｳﾆｼ","北海道","札幌市中央区","南二条西十二丁目",1,0,1,0,0,0
01101,"060  ","0600062","ﾎｯｶｲﾄﾞｳ","ｻｯﾎﾟﾛｼﾁｭｳｵｳｸ","ﾐﾅﾐ2ｼﾞｮｳﾆｼ","北海道","札幌市中央区","南二条西十三丁目",1,0,1,0,0,0
01101,"060  ","0600062","ﾎｯｶｲﾄﾞｳ","ｻｯﾎﾟﾛｼﾁｭｳｵｳｸ","ﾐﾅﾐ2ｼﾞｮｳﾆｼ","北海道","札幌市中央区","南二条西十四丁目",1,0,1,0,0,0
01101,"060  ","0600062","ﾎｯｶｲﾄﾞｳ","ｻｯﾎﾟﾛｼﾁｭｳｵｳｸ","ﾐﾅﾐ2ｼﾞｮｳﾆｼ","北海道","札幌市中央区","南二条西十五丁目",1,0,1,0,0,0
01101,"060  ","0600062","ﾎｯｶｲﾄﾞｳ","ｻｯﾎﾟﾛｼﾁｭｳｵｳｸ","ﾐﾅﾐ2ｼﾞｮｳﾆｼ","北海道","札幌市中央区","南二条西十六丁目",1,0,1,0,0,0
01101,"060  ","0600062","ﾎｯｶｲﾄﾞｳ","ｻｯﾎﾟﾛｼﾁｭｳｵｳｸ","ﾐﾅﾐ2ｼﾞｮｳﾆｼ","北海道","札幌市中央区","南二条西十七丁目",1,0,1,0,0,0
01101,"060  ","0600062","ﾎｯｶｲﾄﾞｳ","ｻｯﾎﾟﾛｼﾁｭｳｵｳｸ","ﾐﾅﾐ2ｼﾞｮｳﾆｼ","北海道","札幌市中央区","南二条西十八丁目",1,0,1,0,0,0
01101,"060  ","0600062","ﾎｯｶｲﾄﾞｳ","ｻｯﾎﾟﾛｼﾁｭｳｵｳｸ","ﾐﾅﾐ2ｼﾞｮｳﾆｼ","北海道","札幌市中央区","南二条西十九丁目",1,0,1,0,0,0
01101,"064  ","0640802","ﾎｯｶｲﾄﾞｳ","ｻｯﾎﾟﾛｼﾁｭｳｵｳｸ","ﾐﾅﾐ2ｼﾞｮｳﾆｼ","北海道","札幌市中央区","南二条西二十丁目",1,0,1,0,0,0
01101,"064  ","0640802","ﾎｯｶｲﾄﾞｳ","ｻｯﾎﾟﾛｼﾁｭｳｵｳｸ","ﾐﾅﾐ2ｼﾞｮｳﾆｼ","北海道","札幌市中央区","南二条西二十一丁目",1,0,1,0,0,0
01101,"064  ","0640802","ﾎｯｶｲﾄﾞｳ","ｻｯﾎﾟﾛｼﾁｭｳｵｳｸ","ﾐﾅﾐ2ｼﾞｮｳﾆｼ","北海道","札幌市中央区","南二条西二十二丁目",1,0,1,0,0,0
01101,"064  ","0640802","ﾎｯｶｲﾄﾞｳ","ｻｯﾎﾟﾛｼﾁｭｳｵｳｸ","ﾐﾅﾐ2ｼﾞｮｳﾆｼ","北海道","札幌市中央区","南二条西二十三丁目",1,0,1,0,0,0
01101,"064  ","0640802","ﾎｯｶｲﾄﾞｳ","ｻｯﾎﾟﾛｼﾁｭｳｵｳｸ","ﾐﾅﾐ2ｼﾞｮｳﾆｼ","北海道","札幌市中央区","南二条西二十四丁目",1,0,1,0,0,0
01101,"064  ","0640802","ﾎｯｶｲﾄﾞｳ","ｻｯﾎﾟﾛｼﾁｭｳｵｳｸ","ﾐﾅﾐ2ｼﾞｮｳﾆｼ","北海道","札幌市中央区","南二条西二十五丁目",1,0,1,0,0,0
01101,"064  ","0640802","ﾎｯｶｲﾄﾞｳ","ｻｯﾎﾟﾛｼﾁｭｳｵｳｸ","ﾐﾅﾐ2ｼﾞｮｳﾆｼ","北海道","札幌市中央区","南二条西二十六丁目",1,0,1,0,0,0
01101,"064  ","0640802","ﾎｯｶｲﾄﾞｳ","ｻｯﾎﾟﾛｼﾁｭｳｵｳｸ","ﾐﾅﾐ2ｼﾞｮｳﾆｼ","北海道","札幌市中央区","南二条西二十七丁目",1,0,1,0,0,0
01101,"064  ","0640802","ﾎｯｶｲﾄﾞｳ","ｻｯﾎﾟﾛｼﾁｭｳｵｳｸ","ﾐﾅﾐ2ｼﾞｮｳﾆｼ","北海道","札幌市中央区","南二条西二十八丁目",1,0,1,0,0,0

01101,"060  ","0600063","ﾎｯｶｲﾄﾞｳ","ｻｯﾎﾟﾛｼﾁｭｳｵｳｸ","ﾐﾅﾐ3ｼﾞｮｳﾆｼ","北海道","札幌市中央区","南三条西一丁目",1,0,1,0,0,0
01101,"060  ","0600063","ﾎｯｶｲﾄﾞｳ","ｻｯﾎﾟﾛｼﾁｭｳｵｳｸ","ﾐﾅﾐ3ｼﾞｮｳﾆｼ","北海道","札幌市中央区","南三条西二丁目",1,0,1,0,0,0
01101,"060  ","0600063","ﾎｯｶｲﾄﾞｳ","ｻｯﾎﾟﾛｼﾁｭｳｵｳｸ","ﾐﾅﾐ3ｼﾞｮｳﾆｼ","北海道","札幌市中央区","南三条西三丁目",1,0,1,0,0,0
01101,"060  ","0600063","ﾎｯｶｲﾄﾞｳ","ｻｯﾎﾟﾛｼﾁｭｳｵｳｸ","ﾐﾅﾐ3ｼﾞｮｳﾆｼ","北海道","札幌市中央区","南三条西四丁目",1,0,1,0,0,0
01101,"060  ","0600063","ﾎｯｶｲﾄﾞｳ","ｻｯﾎﾟﾛｼﾁｭｳｵｳｸ","ﾐﾅﾐ3ｼﾞｮｳﾆｼ","北海道","札幌市中央区","南三条西五丁目",1,0,1,0,0,0
01101,"060  ","0600063","ﾎｯｶｲﾄﾞｳ","ｻｯﾎﾟﾛｼﾁｭｳｵｳｸ","ﾐﾅﾐ3ｼﾞｮｳﾆｼ","北海道","札幌市中央区","南三条西六丁目",1,0,1,0,0,0
01101,"060  ","0600063","ﾎｯｶｲﾄﾞｳ","ｻｯﾎﾟﾛｼﾁｭｳｵｳｸ","ﾐﾅﾐ3ｼﾞｮｳﾆｼ","北海道","札幌市中央区","南三条西七丁目",1,0,1,0,0,0
01101,"060  ","0600063","ﾎｯｶｲﾄﾞｳ","ｻｯﾎﾟﾛｼﾁｭｳｵｳｸ","ﾐﾅﾐ3ｼﾞｮｳﾆｼ","北海道","札幌市中央区","南三条西八丁目",1,0,1,0,0,0
01101,"060  ","0600063","ﾎｯｶｲﾄﾞｳ","ｻｯﾎﾟﾛｼﾁｭｳｵｳｸ","ﾐﾅﾐ3ｼﾞｮｳﾆｼ","北海道","札幌市中央区","南三条西九丁目",1,0,1,0,0,0
01101,"060  ","0600063","ﾎｯｶｲﾄﾞｳ","ｻｯﾎﾟﾛｼﾁｭｳｵｳｸ","ﾐﾅﾐ3ｼﾞｮｳﾆｼ","北海道","札幌市中央区","南三条西十丁目",1,0,1,0,0,0
01101,"060  ","0600063","ﾎｯｶｲﾄﾞｳ","ｻｯﾎﾟﾛｼﾁｭｳｵｳｸ","ﾐﾅﾐ3ｼﾞｮｳﾆｼ","北海道","札幌市中央区","南三条西十一丁目",1,0,1,0,0,0
01101,"060  ","0600063","ﾎｯｶｲﾄﾞｳ","ｻｯﾎﾟﾛｼﾁｭｳｵｳｸ","ﾐﾅﾐ3ｼﾞｮｳﾆｼ","北海道","札幌市中央区","南三条西十二丁目",1,0,1,0,0,0
01101,"060  ","0600063","ﾎｯｶｲﾄﾞｳ","ｻｯﾎﾟﾛｼﾁｭｳｵｳｸ","ﾐﾅﾐ3ｼﾞｮｳﾆｼ","北海道","札幌市中央区","南三条西十三丁目",1,0,1,0,0,0
01101,"060  ","0600063","ﾎｯｶｲﾄﾞｳ","ｻｯﾎﾟﾛｼﾁｭｳｵｳｸ","ﾐﾅﾐ3ｼﾞｮｳﾆｼ","北海道","札幌市中央区","南三条西十四丁目",1,0,1,0,0,0
01101,"060  ","0600063","ﾎｯｶｲﾄﾞｳ","ｻｯﾎﾟﾛｼﾁｭｳｵｳｸ","ﾐﾅﾐ3ｼﾞｮｳﾆｼ","北海道","札幌市中央区","南三条西十五丁目",1,0,1,0,0,0
01101,"060  ","0600063","ﾎｯｶｲﾄﾞｳ","ｻｯﾎﾟﾛｼﾁｭｳｵｳｸ","ﾐﾅﾐ3ｼﾞｮｳﾆｼ","北海道","札幌市中央区","南三条西十六丁目",1,0,1,0,0,0
01101,"060  ","0600063","ﾎｯｶｲﾄﾞｳ","ｻｯﾎﾟﾛｼﾁｭｳｵｳｸ","ﾐﾅﾐ3ｼﾞｮｳﾆｼ","北海道","札幌市中央区","南三条西十七丁目",1,0,1,0,0,0
01101,"060  ","0600063","ﾎｯｶｲﾄﾞｳ","ｻｯﾎﾟﾛｼﾁｭｳｵｳｸ","ﾐﾅﾐ3ｼﾞｮｳﾆｼ","北海道","札幌市中央区","南三条西十八丁目",1,0,1,0,0,0
01101,"064  ","0640803","ﾎｯｶｲﾄﾞｳ","ｻｯﾎﾟﾛｼﾁｭｳｵｳｸ","ﾐﾅﾐ3ｼﾞｮｳﾆｼ","北海道","札幌市中央区","南三条西十九丁目",1,0,1,0,0,0
01101,"064  ","0640803","ﾎｯｶｲﾄﾞｳ","ｻｯﾎﾟﾛｼﾁｭｳｵｳｸ","ﾐﾅﾐ3ｼﾞｮｳﾆｼ","北海道","札幌市中央区","南三条西二十丁目",1,0,1,0,0,0
01101,"064  ","0640803","ﾎｯｶｲﾄﾞｳ","ｻｯﾎﾟﾛｼﾁｭｳｵｳｸ","ﾐﾅﾐ3ｼﾞｮｳﾆｼ","北海道","札幌市中央区","南三条西二十一丁目",1,0,1,0,0,0
01101,"064  ","0640803","ﾎｯｶｲﾄﾞｳ","ｻｯﾎﾟﾛｼﾁｭｳｵｳｸ","ﾐﾅﾐ3ｼﾞｮｳﾆｼ","北海道","札幌市中央区","南三条西二十二丁目",1,0,1,0,0,0
01101,"064  ","0640803","ﾎｯｶｲﾄﾞｳ","ｻｯﾎﾟﾛｼﾁｭｳｵｳｸ","ﾐﾅﾐ3ｼﾞｮｳﾆｼ","北海道","札幌市中央区","南三条西二十三丁目",1,0,1,0,0,0
01101,"064  ","0640803","ﾎｯｶｲﾄﾞｳ","ｻｯﾎﾟﾛｼﾁｭｳｵｳｸ","ﾐﾅﾐ3ｼﾞｮｳﾆｼ","北海道","札幌市中央区","南三条西二十四丁目",1,0,1,0,0,0
01101,"064  ","0640803","ﾎｯｶｲﾄﾞｳ","ｻｯﾎﾟﾛｼﾁｭｳｵｳｸ","ﾐﾅﾐ3ｼﾞｮｳﾆｼ","北海道","札幌市中央区","南三条西二十五丁目",1,0,1,0,0,0
01101,"064  ","0640803","ﾎｯｶｲﾄﾞｳ","ｻｯﾎﾟﾛｼﾁｭｳｵｳｸ","ﾐﾅﾐ3ｼﾞｮｳﾆｼ","北海道","札幌市中央区","南三条西二十六丁目",1,0,1,0,0,0
01101,"064  ","0640803","ﾎｯｶｲﾄﾞｳ","ｻｯﾎﾟﾛｼﾁｭｳｵｳｸ","ﾐﾅﾐ3ｼﾞｮｳﾆｼ","北海道","札幌市中央区","南三条西二十七丁目",1,0,1,0,0,0
01101,"064  ","0640803","ﾎｯｶｲﾄﾞｳ","ｻｯﾎﾟﾛｼﾁｭｳｵｳｸ","ﾐﾅﾐ3ｼﾞｮｳﾆｼ","北海道","札幌市中央区","南三条西二十八丁目",1,0,1,0,0,0

01102,"001  ","0010010","ﾎｯｶｲﾄﾞｳ","ｻｯﾎﾟﾛｼｷﾀｸ","ｷﾀ10ｼﾞｮｳﾆｼ","北海道","札幌市北区","北十条西一丁目",1,0,1,0,0,0
01102,"001  ","0010010","ﾎｯｶｲﾄﾞｳ","ｻｯﾎﾟﾛｼｷﾀｸ","ｷﾀ10ｼﾞｮｳﾆｼ","北海道","札幌市北区","北十条西二丁目",1,0,1,0,0,0
01102,"001  ","0010010","ﾎｯｶｲﾄﾞｳ","ｻｯﾎﾟﾛｼｷﾀｸ","ｷﾀ10ｼﾞｮｳﾆｼ","北海道","札幌市北区","北十条西三丁目",1,0,1,0,0,0
01102,"001  ","0010010","ﾎｯｶｲﾄﾞｳ","ｻｯﾎﾟﾛｼｷﾀｸ","ｷﾀ10ｼﾞｮｳﾆｼ","北海道","札幌市北区","北十条西四丁目",1,0,1,0,0,0
01102,"060  ","0600810","ﾎｯｶｲﾄﾞｳ","ｻｯﾎﾟﾛｼｷﾀｸ","ｷﾀ10ｼﾞｮｳﾆｼ","北海道","札幌市北区","北十条西五丁目",1,0,1,0,0,0
01102,"060  ","0600810","ﾎｯｶｲﾄﾞｳ","ｻｯﾎﾟﾛｼｷﾀｸ","ｷﾀ10ｼﾞｮｳﾆｼ","北海道","札幌市北区","北十条西六丁目",1,0,1,0,0,0
01102,"060  ","0600810","ﾎｯｶｲﾄﾞｳ","ｻｯﾎﾟﾛｼｷﾀｸ","ｷﾀ10ｼﾞｮｳﾆｼ","北海道","札幌市北区","北十条西七丁目",1,0,1,0,0,0
01102,"060  ","0600810","ﾎｯｶｲﾄﾞｳ","ｻｯﾎﾟﾛｼｷﾀｸ","ｷﾀ10ｼﾞｮｳﾆｼ","北海道","札幌市北区","北十条西八丁目",1,0,1,0,0,0
01102,"060  ","0600810","ﾎｯｶｲﾄﾞｳ","ｻｯﾎﾟﾛｼｷﾀｸ","ｷﾀ10ｼﾞｮｳﾆｼ","北海道","札幌市北区","北十条西九丁目",1,0,1,0,0,0
01102,"060  ","0600810","ﾎｯｶｲﾄﾞｳ","ｻｯﾎﾟﾛｼｷﾀｸ","ｷﾀ10ｼﾞｮｳﾆｼ","北海道","札幌市北区","北十条西十丁目",1,0,1,0,0,0
01102,"060  ","0600810","ﾎｯｶｲﾄﾞｳ","ｻｯﾎﾟﾛｼｷﾀｸ","ｷﾀ10ｼﾞｮｳﾆｼ","北海道","札幌市北区","北十条西十一丁目",1,0,1,0,0,0

01102,"001  ","0010011","ﾎｯｶｲﾄﾞｳ","ｻｯﾎﾟﾛｼｷﾀｸ","ｷﾀ11ｼﾞｮｳﾆｼ","北海道","札幌市北区","北十一条西一丁目",1,0,1,0,0,0
01102,"001  ","0010011","ﾎｯｶｲﾄﾞｳ","ｻｯﾎﾟﾛｼｷﾀｸ","ｷﾀ11ｼﾞｮｳﾆｼ","北海道","札幌市北区","北十一条西二丁目",1,0,1,0,0,0
01102,"001  ","0010011","ﾎｯｶｲﾄﾞｳ","ｻｯﾎﾟﾛｼｷﾀｸ","ｷﾀ11ｼﾞｮｳﾆｼ","北海道","札幌市北区","北十一条西三丁目",1,0,1,0,0,0
01102,"001  ","0010011","ﾎｯｶｲﾄﾞｳ","ｻｯﾎﾟﾛｼｷﾀｸ","ｷﾀ11ｼﾞｮｳﾆｼ","北海道","札幌市北区","北十一条西四丁目",1,0,1,0,0,0
01102,"060  ","0600811","ﾎｯｶｲﾄﾞｳ","ｻｯﾎﾟﾛｼｷﾀｸ","ｷﾀ11ｼﾞｮｳﾆｼ","北海道","札幌市北区","北十一条西五丁目",1,0,1,0,0,0
01102,"060  ","0600811","ﾎｯｶｲﾄﾞｳ","ｻｯﾎﾟﾛｼｷﾀｸ","ｷﾀ11ｼﾞｮｳﾆｼ","北海道","札幌市北区","北十一条西六丁目",1,0,1,0,0,0
01102,"060  ","0600811","ﾎｯｶｲﾄﾞｳ","ｻｯﾎﾟﾛｼｷﾀｸ","ｷﾀ11ｼﾞｮｳﾆｼ","北海道","札幌市北区","北十一条西七丁目",1,0,1,0,0,0
01102,"060  ","0600811","ﾎｯｶｲﾄﾞｳ","ｻｯﾎﾟﾛｼｷﾀｸ","ｷﾀ11ｼﾞｮｳﾆｼ","北海道","札幌市北区","北十一条西八丁目",1,0,1,0,0,0
01102,"060  ","0600811","ﾎｯｶｲﾄﾞｳ","ｻｯﾎﾟﾛｼｷﾀｸ","ｷﾀ11ｼﾞｮｳﾆｼ","北海道","札幌市北区","北十一条西九丁目",1,0,1,0,0,0
01102,"060  ","0600811","ﾎｯｶｲﾄﾞｳ","ｻｯﾎﾟﾛｼｷﾀｸ","ｷﾀ11ｼﾞｮｳﾆｼ","北海道","札幌市北区","北十一条西十丁目",1,0,1,0,0,0
01102,"060  ","0600811","ﾎｯｶｲﾄﾞｳ","ｻｯﾎﾟﾛｼｷﾀｸ","ｷﾀ11ｼﾞｮｳﾆｼ","北海道","札幌市北区","北十一条西十一丁目",1,0,1,0,0,0

01102,"001  ","0010012","ﾎｯｶｲﾄﾞｳ","ｻｯﾎﾟﾛｼｷﾀｸ","ｷﾀ12ｼﾞｮｳﾆｼ","北海道","札幌市北区","北十二条西一丁目",1,0,1,0,0,0
01102,"001  ","0010012","ﾎｯｶｲﾄﾞｳ","ｻｯﾎﾟﾛｼｷﾀｸ","ｷﾀ12ｼﾞｮｳﾆｼ","北海道","札幌市北区","北十二条西二丁目",1,0,1,0,0,0
01102,"001  ","0010012","ﾎｯｶｲﾄﾞｳ","ｻｯﾎﾟﾛｼｷﾀｸ","ｷﾀ12ｼﾞｮｳﾆｼ","北海道","札幌市北区","北十二条西三丁目",1,0,1,0,0,0
01102,"001  ","0010012","ﾎｯｶｲﾄﾞｳ","ｻｯﾎﾟﾛｼｷﾀｸ","ｷﾀ12ｼﾞｮｳﾆｼ","北海道","札幌市北区","北十二条西四丁目",1,0,1,0,0,0
01102,"060  ","0600812","ﾎｯｶｲﾄﾞｳ","ｻｯﾎﾟﾛｼｷﾀｸ","ｷﾀ12ｼﾞｮｳﾆｼ","北海道","札幌市北区","北十二条西五丁目",1,0,1,0,0,0
01102,"060  ","0600812","ﾎｯｶｲﾄﾞｳ","ｻｯﾎﾟﾛｼｷﾀｸ","ｷﾀ12ｼﾞｮｳﾆｼ","北海道","札幌市北区","北十二条西六丁目",1,0,1,0,0,0
01102,"060  ","0600812","ﾎｯｶｲﾄﾞｳ","ｻｯﾎﾟﾛｼｷﾀｸ","ｷﾀ12ｼﾞｮｳﾆｼ","北海道","札幌市北区","北十二条西七丁目",1,0,1,0,0,0
01102,"060  ","0600812","ﾎｯｶｲﾄﾞｳ","ｻｯﾎﾟﾛｼｷﾀｸ","ｷﾀ12ｼﾞｮｳﾆｼ","北海道","札幌市北区","北十二条西八丁目",1,0,1,0,0,0
01102,"060  ","0600812","ﾎｯｶｲﾄﾞｳ","ｻｯﾎﾟﾛｼｷﾀｸ","ｷﾀ12ｼﾞｮｳﾆｼ","北海道","札幌市北区","北十二条西九丁目",1,0,1,0,0,0
01102,"060  ","0600812","ﾎｯｶｲﾄﾞｳ","ｻｯﾎﾟﾛｼｷﾀｸ","ｷﾀ12ｼﾞｮｳﾆｼ","北海道","札幌市北区","北十二条西十丁目",1,0,1,0,0,0
01102,"060  ","0600812","ﾎｯｶｲﾄﾞｳ","ｻｯﾎﾟﾛｼｷﾀｸ","ｷﾀ12ｼﾞｮｳﾆｼ","北海道","札幌市北区","北十二条西十一丁目",1,0,1,0,0,0
01102,"060  ","0600812","ﾎｯｶｲﾄﾞｳ","ｻｯﾎﾟﾛｼｷﾀｸ","ｷﾀ12ｼﾞｮｳﾆｼ","北海道","札幌市北区","北十二条西十二丁目",1,0,1,0,0,0

01102,"001  ","0010013","ﾎｯｶｲﾄﾞｳ","ｻｯﾎﾟﾛｼｷﾀｸ","ｷﾀ13ｼﾞｮｳﾆｼ","北海道","札幌市北区","北十三条西一丁目",1,0,1,0,0,0
01102,"001  ","0010013","ﾎｯｶｲﾄﾞｳ","ｻｯﾎﾟﾛｼｷﾀｸ","ｷﾀ13ｼﾞｮｳﾆｼ","北海道","札幌市北区","北十三条西二丁目",1,0,1,0,0,0
01102,"001  ","0010013","ﾎｯｶｲﾄﾞｳ","ｻｯﾎﾟﾛｼｷﾀｸ","ｷﾀ13ｼﾞｮｳﾆｼ","北海道","札幌市北区","北十三条西三丁目",1,0,1,0,0,0
01102,"001  ","0010013","ﾎｯｶｲﾄﾞｳ","ｻｯﾎﾟﾛｼｷﾀｸ","ｷﾀ13ｼﾞｮｳﾆｼ","北海道","札幌市北区","北十三条西四丁目",1,0,1,0,0,0
01102,"060  ","0600813","ﾎｯｶｲﾄﾞｳ","ｻｯﾎﾟﾛｼｷﾀｸ","ｷﾀ13ｼﾞｮｳﾆｼ","北海道","札幌市北区","北十三条西五丁目",1,0,1,0,0,0
01102,"060  ","0600813","ﾎｯｶｲﾄﾞｳ","ｻｯﾎﾟﾛｼｷﾀｸ","ｷﾀ13ｼﾞｮｳﾆｼ","北海道","札幌市北区","北十三条西六丁目",1,0,1,0,0,0
01102,"060  ","0600813","ﾎｯｶｲﾄﾞｳ","ｻｯﾎﾟﾛｼｷﾀｸ","ｷﾀ13ｼﾞｮｳﾆｼ","北海道","札幌市北区","北十三条西七丁目",1,0,1,0,0,0
01102,"060  ","0600813","ﾎｯｶｲﾄﾞｳ","ｻｯﾎﾟﾛｼｷﾀｸ","ｷﾀ13ｼﾞｮｳﾆｼ","北海道","札幌市北区","北十三条西八丁目",1,0,1,0,0,0
01102,"060  ","0600813","ﾎｯｶｲﾄﾞｳ","ｻｯﾎﾟﾛｼｷﾀｸ","ｷﾀ13ｼﾞｮｳﾆｼ","北海道","札幌市北区","北十三条西九丁目",1,0,1,0,0,0
01102,"060  ","0600813","ﾎｯｶｲﾄﾞｳ","ｻｯﾎﾟﾛｼｷﾀｸ","ｷﾀ13ｼﾞｮｳﾆｼ","北海道","札幌市北区","北十三条西十丁目",1,0,1,0,0,0
01102,"060  ","0600813","ﾎｯｶｲﾄﾞｳ","ｻｯﾎﾟﾛｼｷﾀｸ","ｷﾀ13ｼﾞｮｳﾆｼ","北海道","札幌市北区","北十三条西十一丁目",1,0,1,0,0,0
01102,"060  ","0600813","ﾎｯｶｲﾄﾞｳ","ｻｯﾎﾟﾛｼｷﾀｸ","ｷﾀ13ｼﾞｮｳﾆｼ","北海道","札幌市北区","北十三条西十二丁目",1,0,1,0,0,0

01102,"001  ","0010014","ﾎｯｶｲﾄﾞｳ","ｻｯﾎﾟﾛｼｷﾀｸ","ｷﾀ14ｼﾞｮｳﾆｼ","北海道","札幌市北区","北十四条西一丁目",1,0,1,0,0,0
01102,"001  ","0010014","ﾎｯｶｲﾄﾞｳ","ｻｯﾎﾟﾛｼｷﾀｸ","ｷﾀ14ｼﾞｮｳﾆｼ","北海道","札幌市北区","北十四条西二丁目",1,0,1,0,0,0
01102,"001  ","0010014","ﾎｯｶｲﾄﾞｳ","ｻｯﾎﾟﾛｼｷﾀｸ","ｷﾀ14ｼﾞｮｳﾆｼ","北海道","札幌市北区","北十四条西三丁目",1,0,1,0,0,0
01102,"001  ","0010014","ﾎｯｶｲﾄﾞｳ","ｻｯﾎﾟﾛｼｷﾀｸ","ｷﾀ14ｼﾞｮｳﾆｼ","北海道","札幌市北区","北十四条西四丁目",1,0,1,0,0,0
01102,"060  ","0600814","ﾎｯｶｲﾄﾞｳ","ｻｯﾎﾟﾛｼｷﾀｸ","ｷﾀ14ｼﾞｮｳﾆｼ","北海道","札幌市北区","北十四条西五丁目",1,0,1,0,0,0
01102,"060  ","0600814","ﾎｯｶｲﾄﾞｳ","ｻｯﾎﾟﾛｼｷﾀｸ","ｷﾀ14ｼﾞｮｳﾆｼ","北海道","札幌市北区","北十四条西六丁目",1,0,1,0,0,0
01102,"060  ","0600814","ﾎｯｶｲﾄﾞｳ","ｻｯﾎﾟﾛｼｷﾀｸ","ｷﾀ14ｼﾞｮｳﾆｼ","北海道","札幌市北区","北十四条西七丁目",1,0,1,0,0,0
01102,"060  ","0600814","ﾎｯｶｲﾄﾞｳ","ｻｯﾎﾟﾛｼｷﾀｸ","ｷﾀ14ｼﾞｮｳﾆｼ","北海道","札幌市北区","北十四条西八丁目",1,0,1,0,0,0
01102,"060  ","0600814","ﾎｯｶｲﾄﾞｳ","ｻｯﾎﾟﾛｼｷﾀｸ","ｷﾀ14ｼﾞｮｳﾆｼ","北海道","札幌市北区","北十四条西九丁目",1,0,1,0,0,0
01102,"060  ","0600814","ﾎｯｶｲﾄﾞｳ","ｻｯﾎﾟﾛｼｷﾀｸ","ｷﾀ14ｼﾞｮｳﾆｼ","北海道","札幌市北区","北十四条西十丁目",1,0,1,0,0,0
01102,"060  ","0600814","ﾎｯｶｲﾄﾞｳ","ｻｯﾎﾟﾛｼｷﾀｸ","ｷﾀ14ｼﾞｮｳﾆｼ","北海道","札幌市北区","北十四条西十一丁目",1,0,1,0,0,0
01102,"060  ","0600814","ﾎｯｶｲﾄﾞｳ","ｻｯﾎﾟﾛｼｷﾀｸ","ｷﾀ14ｼﾞｮｳﾆｼ","北海道","札幌市北区","北十四条西十二丁目",1,0,1,0,0,0
01102,"060  ","0600814","ﾎｯｶｲﾄﾞｳ","ｻｯﾎﾟﾛｼｷﾀｸ","ｷﾀ14ｼﾞｮｳﾆｼ","北海道","札幌市北区","北十四条西十三丁目",1,0,1,0,0,0

01102,"001  ","0010015","ﾎｯｶｲﾄﾞｳ","ｻｯﾎﾟﾛｼｷﾀｸ","ｷﾀ15ｼﾞｮｳﾆｼ","北海道","札幌市北区","北十五条西一丁目",1,0,1,0,0,0
01102,"001  ","0010015","ﾎｯｶｲﾄﾞｳ","ｻｯﾎﾟﾛｼｷﾀｸ","ｷﾀ15ｼﾞｮｳﾆｼ","北海道","札幌市北区","北十五条西二丁目",1,0,1,0,0,0
01102,"001  ","0010015","ﾎｯｶｲﾄﾞｳ","ｻｯﾎﾟﾛｼｷﾀｸ","ｷﾀ15ｼﾞｮｳﾆｼ","北海道","札幌市北区","北十五条西三丁目",1,0,1,0,0,0
01102,"001  ","0010015","ﾎｯｶｲﾄﾞｳ","ｻｯﾎﾟﾛｼｷﾀｸ","ｷﾀ15ｼﾞｮｳﾆｼ","北海道","札幌市北区","北十五条西四丁目",1,0,1,0,0,0
01102,"001  ","0010015","ﾎｯｶｲﾄﾞｳ","ｻｯﾎﾟﾛｼｷﾀｸ","ｷﾀ15ｼﾞｮｳﾆｼ","北海道","札幌市北区","北十五条西五丁目",1,0,1,0,0,0
01102,"060  ","0600815","ﾎｯｶｲﾄﾞｳ","ｻｯﾎﾟﾛｼｷﾀｸ","ｷﾀ15ｼﾞｮｳﾆｼ","北海道","札幌市北区","北十五条西六丁目",1,0,1,0,0,0
01102,"060  ","0600815","ﾎｯｶｲﾄﾞｳ","ｻｯﾎﾟﾛｼｷﾀｸ","ｷﾀ15ｼﾞｮｳﾆｼ","北海道","札幌市北区","北十五条西七丁目",1,0,1,0,0,0
01102,"060  ","0600815","ﾎｯｶｲﾄﾞｳ","ｻｯﾎﾟﾛｼｷﾀｸ","ｷﾀ15ｼﾞｮｳﾆｼ","北海道","札幌市北区","北十五条西八丁目",1,0,1,0,0,0
01102,"060  ","0600815","ﾎｯｶｲﾄﾞｳ","ｻｯﾎﾟﾛｼｷﾀｸ","ｷﾀ15ｼﾞｮｳﾆｼ","北海道","札幌市北区","北十五条西九丁目",1,0,1,0,0,0
01102,"060  ","0600815","ﾎｯｶｲﾄﾞｳ","ｻｯﾎﾟﾛｼｷﾀｸ","ｷﾀ15ｼﾞｮｳﾆｼ","北海道","札幌市北区","北十五条西十丁目",1,0,1,0,0,0
01102,"060  ","0600815","ﾎｯｶｲﾄﾞｳ","ｻｯﾎﾟﾛｼｷﾀｸ","ｷﾀ15ｼﾞｮｳﾆｼ","北海道","札幌市北区","北十五条西十一丁目",1,0,1,0,0,0
01102,"060  ","0600815","ﾎｯｶｲﾄﾞｳ","ｻｯﾎﾟﾛｼｷﾀｸ","ｷﾀ15ｼﾞｮｳﾆｼ","北海道","札幌市北区","北十五条西十二丁目",1,0,1,0,0,0
01102,"060  ","0600815","ﾎｯｶｲﾄﾞｳ","ｻｯﾎﾟﾛｼｷﾀｸ","ｷﾀ15ｼﾞｮｳﾆｼ","北海道","札幌市北区","北十五条西十三丁目",1,0,1,0,0,0

01102,"001  ","0010016","ﾎｯｶｲﾄﾞｳ","ｻｯﾎﾟﾛｼｷﾀｸ","ｷﾀ16ｼﾞｮｳﾆｼ","北海道","札幌市北区","北十六条西一丁目",1,0,1,0,0,0
01102,"001  ","0010016","ﾎｯｶｲﾄﾞｳ","ｻｯﾎﾟﾛｼｷﾀｸ","ｷﾀ16ｼﾞｮｳﾆｼ","北海道","札幌市北区","北十六条西二丁目",1,0,1,0,0,0
01102,"001  ","0010016","ﾎｯｶｲﾄﾞｳ","ｻｯﾎﾟﾛｼｷﾀｸ","ｷﾀ16ｼﾞｮｳﾆｼ","北海道","札幌市北区","北十六条西三丁目",1,0,1,0,0,0
01102,"001  ","0010016","ﾎｯｶｲﾄﾞｳ","ｻｯﾎﾟﾛｼｷﾀｸ","ｷﾀ16ｼﾞｮｳﾆｼ","北海道","札幌市北区","北十六条西四丁目",1,0,1,0,0,0
01102,"001  ","0010016","ﾎｯｶｲﾄﾞｳ","ｻｯﾎﾟﾛｼｷﾀｸ","ｷﾀ16ｼﾞｮｳﾆｼ","北海道","札幌市北区","北十六条西五丁目",1,0,1,0,0,0
01102,"001  ","0010016","ﾎｯｶｲﾄﾞｳ","ｻｯﾎﾟﾛｼｷﾀｸ","ｷﾀ16ｼﾞｮｳﾆｼ","北海道","札幌市北区","北十六条西六丁目",1,0,1,0,0,0
01102,"060  ","0600816","ﾎｯｶｲﾄﾞｳ","ｻｯﾎﾟﾛｼｷﾀｸ","ｷﾀ16ｼﾞｮｳﾆｼ","北海道","札幌市北区","北十六条西七丁目",1,0,1,0,0,0
01102,"060  ","0600816","ﾎｯｶｲﾄﾞｳ","ｻｯﾎﾟﾛｼｷﾀｸ","ｷﾀ16ｼﾞｮｳﾆｼ","北海道","札幌市北区","北十六条西八丁目",1,0,1,0,0,0
01102,"060  ","0600816","ﾎｯｶｲﾄﾞｳ","ｻｯﾎﾟﾛｼｷﾀｸ","ｷﾀ16ｼﾞｮｳﾆｼ","北海道","札幌市北区","北十六条西九丁目",1,0,1,0,0,0
01102,"060  ","0600816","ﾎｯｶｲﾄﾞｳ","ｻｯﾎﾟﾛｼｷﾀｸ","ｷﾀ16ｼﾞｮｳﾆｼ","北海道","札幌市北区","北十六条西十丁目",1,0,1,0,0,0
01102,"060  ","0600816","ﾎｯｶｲﾄﾞｳ","ｻｯﾎﾟﾛｼｷﾀｸ","ｷﾀ16ｼﾞｮｳﾆｼ","北海道","札幌市北区","北十六条西十一丁目",1,0,1,0,0,0
01102,"060  ","0600816","ﾎｯｶｲﾄﾞｳ","ｻｯﾎﾟﾛｼｷﾀｸ","ｷﾀ16ｼﾞｮｳﾆｼ","北海道","札幌市北区","北十六条西十二丁目",1,0,1,0,0,0
01102,"060  ","0600816","ﾎｯｶｲﾄﾞｳ","ｻｯﾎﾟﾛｼｷﾀｸ","ｷﾀ16ｼﾞｮｳﾆｼ","北海道","札幌市北区","北十六条西十三丁目",1,0,1,0,0,0

01102,"001  ","0010017","ﾎｯｶｲﾄﾞｳ","ｻｯﾎﾟﾛｼｷﾀｸ","ｷﾀ17ｼﾞｮｳﾆｼ","北海道","札幌市北区","北十七条西一丁目",1,0,1,0,0,0
01102,"001  ","0010017","ﾎｯｶｲﾄﾞｳ","ｻｯﾎﾟﾛｼｷﾀｸ","ｷﾀ17ｼﾞｮｳﾆｼ","北海道","札幌市北区","北十七条西二丁目",1,0,1,0,0,0
01102,"001  ","0010017","ﾎｯｶｲﾄﾞｳ","ｻｯﾎﾟﾛｼｷﾀｸ","ｷﾀ17ｼﾞｮｳﾆｼ","北海道","札幌市北区","北十七条西三丁目",1,0,1,0,0,0
01102,"001  ","0010017","ﾎｯｶｲﾄﾞｳ","ｻｯﾎﾟﾛｼｷﾀｸ","ｷﾀ17ｼﾞｮｳﾆｼ","北海道","札幌市北区","北十七条西四丁目",1,0,1,0,0,0
01102,"001  ","0010017","ﾎｯｶｲﾄﾞｳ","ｻｯﾎﾟﾛｼｷﾀｸ","ｷﾀ17ｼﾞｮｳﾆｼ","北海道","札幌市北区","北十七条西五丁目",1,0,1,0,0,0
01102,"001  ","0010017","ﾎｯｶｲﾄﾞｳ","ｻｯﾎﾟﾛｼｷﾀｸ","ｷﾀ17ｼﾞｮｳﾆｼ","北海道","札幌市北区","北十七条西六丁目",1,0,1,0,0,0
01102,"060  ","0600817","ﾎｯｶｲﾄﾞｳ","ｻｯﾎﾟﾛｼｷﾀｸ","ｷﾀ17ｼﾞｮｳﾆｼ","北海道","札幌市北区","北十七条西七丁目",1,0,1,0,0,0
01102,"060  ","0600817","ﾎｯｶｲﾄﾞｳ","ｻｯﾎﾟﾛｼｷﾀｸ","ｷﾀ17ｼﾞｮｳﾆｼ","北海道","札幌市北区","北十七条西八丁目",1,0,1,0,0,0
01102,"060  ","0600817","ﾎｯｶｲﾄﾞｳ","ｻｯﾎﾟﾛｼｷﾀｸ","ｷﾀ17ｼﾞｮｳﾆｼ","北海道","札幌市北区","北十七条西九丁目",1,0,1,0,0,0
01102,"060  ","0600817","ﾎｯｶｲﾄﾞｳ","ｻｯﾎﾟﾛｼｷﾀｸ","ｷﾀ17ｼﾞｮｳﾆｼ","北海道","札幌市北区","北十七条西十丁目",1,0,1,0,0,0
01102,"060  ","0600817","ﾎｯｶｲﾄﾞｳ","ｻｯﾎﾟﾛｼｷﾀｸ","ｷﾀ17ｼﾞｮｳﾆｼ","北海道","札幌市北区","北十七条西十一丁目",1,0,1,0,0,0
01102,"060  ","0600817","ﾎｯｶｲﾄﾞｳ","ｻｯﾎﾟﾛｼｷﾀｸ","ｷﾀ17ｼﾞｮｳﾆｼ","北海道","札幌市北区","北十七条西十二丁目",1,0,1,0,0,0
01102,"060  ","0600817","ﾎｯｶｲﾄﾞｳ","ｻｯﾎﾟﾛｼｷﾀｸ","ｷﾀ17ｼﾞｮｳﾆｼ","北海道","札幌市北区","北十七条西十三丁目",1,0,1,0,0,0

01102,"001  ","0010018","ﾎｯｶｲﾄﾞｳ","ｻｯﾎﾟﾛｼｷﾀｸ","ｷﾀ18ｼﾞｮｳﾆｼ","北海道","札幌市北区","北十八条西一丁目",1,0,1,0,0,0
01102,"001  ","0010018","ﾎｯｶｲﾄﾞｳ","ｻｯﾎﾟﾛｼｷﾀｸ","ｷﾀ18ｼﾞｮｳﾆｼ","北海道","札幌市北区","北十八条西二丁目",1,0,1,0,0,0
01102,"001  ","0010018","ﾎｯｶｲﾄﾞｳ","ｻｯﾎﾟﾛｼｷﾀｸ","ｷﾀ18ｼﾞｮｳﾆｼ","北海道","札幌市北区","北十八条西三丁目",1,0,1,0,0,0
01102,"001  ","0010018","ﾎｯｶｲﾄﾞｳ","ｻｯﾎﾟﾛｼｷﾀｸ","ｷﾀ18ｼﾞｮｳﾆｼ","北海道","札幌市北区","北十八条西四丁目",1,0,1,0,0,0
01102,"001  ","0010018","ﾎｯｶｲﾄﾞｳ","ｻｯﾎﾟﾛｼｷﾀｸ","ｷﾀ18ｼﾞｮｳﾆｼ","北海道","札幌市北区","北十八条西五丁目",1,0,1,0,0,0
01102,"001  ","0010018","ﾎｯｶｲﾄﾞｳ","ｻｯﾎﾟﾛｼｷﾀｸ","ｷﾀ18ｼﾞｮｳﾆｼ","北海道","札幌市北区","北十八条西六丁目",1,0,1,0,0,0
01102,"001  ","0010018","ﾎｯｶｲﾄﾞｳ","ｻｯﾎﾟﾛｼｷﾀｸ","ｷﾀ18ｼﾞｮｳﾆｼ","北海道","札幌市北区","北十八条西七丁目",1,0,1,0,0,0
01102,"060  ","0600818","ﾎｯｶｲﾄﾞｳ","ｻｯﾎﾟﾛｼｷﾀｸ","ｷﾀ18ｼﾞｮｳﾆｼ","北海道","札幌市北区","北十八条西八丁目",1,0,1,0,0,0
01102,"060  ","0600818","ﾎｯｶｲﾄﾞｳ","ｻｯﾎﾟﾛｼｷﾀｸ","ｷﾀ18ｼﾞｮｳﾆｼ","北海道","札幌市北区","北十八条西九丁目",1,0,1,0,0,0
01102,"060  ","0600818","ﾎｯｶｲﾄﾞｳ","ｻｯﾎﾟﾛｼｷﾀｸ","ｷﾀ18ｼﾞｮｳﾆｼ","北海道","札幌市北区","北十八条西十丁目",1,0,1,0,0,0
01102,"060  ","0600818","ﾎｯｶｲﾄﾞｳ","ｻｯﾎﾟﾛｼｷﾀｸ","ｷﾀ18ｼﾞｮｳﾆｼ","北海道","札幌市北区","北十八条西十一丁目",1,0,1,0,0,0
01102,"060  ","0600818","ﾎｯｶｲﾄﾞｳ","ｻｯﾎﾟﾛｼｷﾀｸ","ｷﾀ18ｼﾞｮｳﾆｼ","北海道","札幌市北区","北十八条西十二丁目",1,0,1,0,0,0
01102,"060  ","0600818","ﾎｯｶｲﾄﾞｳ","ｻｯﾎﾟﾛｼｷﾀｸ","ｷﾀ18ｼﾞｮｳﾆｼ","北海道","札幌市北区","北十八条西十三丁目",1,0,1,0,0,0

01102,"001  ","0010019","ﾎｯｶｲﾄﾞｳ","ｻｯﾎﾟﾛｼｷﾀｸ","ｷﾀ19ｼﾞｮｳﾆｼ","北海道","札幌市北区","北十九条西二丁目",1,0,1,0,0,0
01102,"001  ","0010019","ﾎｯｶｲﾄﾞｳ","ｻｯﾎﾟﾛｼｷﾀｸ","ｷﾀ19ｼﾞｮｳﾆｼ","北海道","札幌市北区","北十九条西三丁目",1,0,1,0,0,0
01102,"001  ","0010019","ﾎｯｶｲﾄﾞｳ","ｻｯﾎﾟﾛｼｷﾀｸ","ｷﾀ19ｼﾞｮｳﾆｼ","北海道","札幌市北区","北十九条西四丁目",1,0,1,0,0,0
01102,"001  ","0010019","ﾎｯｶｲﾄﾞｳ","ｻｯﾎﾟﾛｼｷﾀｸ","ｷﾀ19ｼﾞｮｳﾆｼ","北海道","札幌市北区","北十九条西五丁目",1,0,1,0,0,0
01102,"001  ","0010019","ﾎｯｶｲﾄﾞｳ","ｻｯﾎﾟﾛｼｷﾀｸ","ｷﾀ19ｼﾞｮｳﾆｼ","北海道","札幌市北区","北十九条西六丁目",1,0,1,0,0,0
01102,"001  ","0010019","ﾎｯｶｲﾄﾞｳ","ｻｯﾎﾟﾛｼｷﾀｸ","ｷﾀ19ｼﾞｮｳﾆｼ","北海道","札幌市北区","北十九条西七丁目",1,0,1,0,0,0
01102,"060  ","0600819","ﾎｯｶｲﾄﾞｳ","ｻｯﾎﾟﾛｼｷﾀｸ","ｷﾀ19ｼﾞｮｳﾆｼ","北海道","札幌市北区","北十九条西八丁目",1,0,1,0,0,0
01102,"060  ","0600819","ﾎｯｶｲﾄﾞｳ","ｻｯﾎﾟﾛｼｷﾀｸ","ｷﾀ19ｼﾞｮｳﾆｼ","北海道","札幌市北区","北十九条西九丁目",1,0,1,0,0,0
01102,"060  ","0600819","ﾎｯｶｲﾄﾞｳ","ｻｯﾎﾟﾛｼｷﾀｸ","ｷﾀ19ｼﾞｮｳﾆｼ","北海道","札幌市北区","北十九条西十丁目",1,0,1,0,0,0
01102,"060  ","0600819","ﾎｯｶｲﾄﾞｳ","ｻｯﾎﾟﾛｼｷﾀｸ","ｷﾀ19ｼﾞｮｳﾆｼ","北海道","札幌市北区","北十九条西十一丁目",1,0,1,0,0,0
01102,"060  ","0600819","ﾎｯｶｲﾄﾞｳ","ｻｯﾎﾟﾛｼｷﾀｸ","ｷﾀ19ｼﾞｮｳﾆｼ","北海道","札幌市北区","北十九条西十二丁目",1,0,1,0,0,0
01102,"060  ","0600819","ﾎｯｶｲﾄﾞｳ","ｻｯﾎﾟﾛｼｷﾀｸ","ｷﾀ19ｼﾞｮｳﾆｼ","北海道","札幌市北区","北十九条西十三丁目",1,0,1,0,0,0

01102,"001  ","0010020","ﾎｯｶｲﾄﾞｳ","ｻｯﾎﾟﾛｼｷﾀｸ","ｷﾀ20ｼﾞｮｳﾆｼ","北海道","札幌市北区","北二十条西二丁目",1,0,1,0,0,0
01102,"001  ","0010020","ﾎｯｶｲﾄﾞｳ","ｻｯﾎﾟﾛｼｷﾀｸ","ｷﾀ20ｼﾞｮｳﾆｼ","北海道","札幌市北区","北二十条西三丁目",1,0,1,0,0,0
01102,"001  ","0010020","ﾎｯｶｲﾄﾞｳ","ｻｯﾎﾟﾛｼｷﾀｸ","ｷﾀ20ｼﾞｮｳﾆｼ","北海道","札幌市北区","北二十条西四丁目",1,0,1,0,0,0
01102,"001  ","0010020","ﾎｯｶｲﾄﾞｳ","ｻｯﾎﾟﾛｼｷﾀｸ","ｷﾀ20ｼﾞｮｳﾆｼ","北海道","札幌市北区","北二十条西五丁目",1,0,1,0,0,0
01102,"001  ","0010020","ﾎｯｶｲﾄﾞｳ","ｻｯﾎﾟﾛｼｷﾀｸ","ｷﾀ20ｼﾞｮｳﾆｼ","北海道","札幌市北区","北二十条西六丁目",1,0,1,0,0,0
01102,"001  ","0010020","ﾎｯｶｲﾄﾞｳ","ｻｯﾎﾟﾛｼｷﾀｸ","ｷﾀ20ｼﾞｮｳﾆｼ","北海道","札幌市北区","北二十条西七丁目",1,0,1,0,0,0
01102,"001  ","0010020","ﾎｯｶｲﾄﾞｳ","ｻｯﾎﾟﾛｼｷﾀｸ","ｷﾀ20ｼﾞｮｳﾆｼ","北海道","札幌市北区","北二十条西八丁目",1,0,1,0,0,0
01102,"001  ","0010020","ﾎｯｶｲﾄﾞｳ","ｻｯﾎﾟﾛｼｷﾀｸ","ｷﾀ20ｼﾞｮｳﾆｼ","北海道","札幌市北区","北二十条西九丁目",1,0,1,0,0,0
01102,"001  ","0010020","ﾎｯｶｲﾄﾞｳ","ｻｯﾎﾟﾛｼｷﾀｸ","ｷﾀ20ｼﾞｮｳﾆｼ","北海道","札幌市北区","北二十条西十丁目",1,0,1,0,0,0
01102,"060  ","0600820","ﾎｯｶｲﾄﾞｳ","ｻｯﾎﾟﾛｼｷﾀｸ","ｷﾀ20ｼﾞｮｳﾆｼ","北海道","札幌市北区","北二十条西十一丁目",1,0,1,0,0,0
01102,"060  ","0600820","ﾎｯｶｲﾄﾞｳ","ｻｯﾎﾟﾛｼｷﾀｸ","ｷﾀ20ｼﾞｮｳﾆｼ","北海道","札幌市北区","北二十条西十二丁目",1,0,1,0,0,0
01102,"060  ","0600820","ﾎｯｶｲﾄﾞｳ","ｻｯﾎﾟﾛｼｷﾀｸ","ｷﾀ20ｼﾞｮｳﾆｼ","北海道","札幌市北区","北二十条西十三丁目",1,0,1,0,0,0

01103,"060  ","0600905","ﾎｯｶｲﾄﾞｳ","ｻｯﾎﾟﾛｼﾋｶﾞｼｸ","ｷﾀ5ｼﾞｮｳﾋｶﾞｼ","北海道","札幌市東区","北五条東四丁目",1,0,1,0,0,0
01103,"060  ","0600905","ﾎｯｶｲﾄﾞｳ","ｻｯﾎﾟﾛｼﾋｶﾞｼｸ","ｷﾀ5ｼﾞｮｳﾋｶﾞｼ","北海道","札幌市東区","北五条東五丁目",1,0,1,0,0,0
01103,"060  ","0600905","ﾎｯｶｲﾄﾞｳ","ｻｯﾎﾟﾛｼﾋｶﾞｼｸ","ｷﾀ5ｼﾞｮｳﾋｶﾞｼ","北海道","札幌市東区","北五条東六丁目",1,0,1,0,0,0
01103,"060  ","0600905","ﾎｯｶｲﾄﾞｳ","ｻｯﾎﾟﾛｼﾋｶﾞｼｸ","ｷﾀ5ｼﾞｮｳﾋｶﾞｼ","北海道","札幌市東区","北五条東七丁目",1,0,1,0,0,0
01103,"065  ","0650005","ﾎｯｶｲﾄﾞｳ","ｻｯﾎﾟﾛｼﾋｶﾞｼｸ","ｷﾀ5ｼﾞｮｳﾋｶﾞｼ","北海道","札幌市東区","北五条東八丁目",1,0,1,0,0,0
01103,"065  ","0650005","ﾎｯｶｲﾄﾞｳ","ｻｯﾎﾟﾛｼﾋｶﾞｼｸ","ｷﾀ5ｼﾞｮｳﾋｶﾞｼ","北海道","札幌市東区","北五条東九丁目",1,0,1,0,0,0
01103,"065  ","0650005","ﾎｯｶｲﾄﾞｳ","ｻｯﾎﾟﾛｼﾋｶﾞｼｸ","ｷﾀ5ｼﾞｮｳﾋｶﾞｼ","北海道","札幌市東区","北五条東十丁目",1,0,1,0,0,0
01103,"065  ","0650005","ﾎｯｶｲﾄﾞｳ","ｻｯﾎﾟﾛｼﾋｶﾞｼｸ","ｷﾀ5ｼﾞｮｳﾋｶﾞｼ","北海道","札幌市東区","北五条東十一丁目",1,0,1,0,0,0
01103,"065  ","0650005","ﾎｯｶｲﾄﾞｳ","ｻｯﾎﾟﾛｼﾋｶﾞｼｸ","ｷﾀ5ｼﾞｮｳﾋｶﾞｼ","北海道","札幌市東区","北五条東十二丁目",1,0,1,0,0,0
01103,"065  ","0650005","ﾎｯｶｲﾄﾞｳ","ｻｯﾎﾟﾛｼﾋｶﾞｼｸ","ｷﾀ5ｼﾞｮｳﾋｶﾞｼ","北海道","札幌市東区","北五条東十三丁目",1,0,1,0,0,0
01103,"065  ","0650005","ﾎｯｶｲﾄﾞｳ","ｻｯﾎﾟﾛｼﾋｶﾞｼｸ","ｷﾀ5ｼﾞｮｳﾋｶﾞｼ","北海道","札幌市東区","北五条東十四丁目",1,0,1,0,0,0
01103,"065  ","0650005","ﾎｯｶｲﾄﾞｳ","ｻｯﾎﾟﾛｼﾋｶﾞｼｸ","ｷﾀ5ｼﾞｮｳﾋｶﾞｼ","北海道","札幌市東区","北五条東十五丁目",1,0,1,0,0,0
01103,"065  ","0650005","ﾎｯｶｲﾄﾞｳ","ｻｯﾎﾟﾛｼﾋｶﾞｼｸ","ｷﾀ5ｼﾞｮｳﾋｶﾞｼ","北海道","札幌市東区","北五条東十六丁目",1,0,1,0,0,0
01103,"065  ","0650005","ﾎｯｶｲﾄﾞｳ","ｻｯﾎﾟﾛｼﾋｶﾞｼｸ","ｷﾀ5ｼﾞｮｳﾋｶﾞｼ","北海道","札幌市東区","北五条東十七丁目",1,0,1,0,0,0

01103,"060  ","0600906","ﾎｯｶｲﾄﾞｳ","ｻｯﾎﾟﾛｼﾋｶﾞｼｸ","ｷﾀ6ｼﾞｮｳﾋｶﾞｼ","北海道","札幌市東区","北六条東一丁目",1,0,1,0,0,0
01103,"060  ","0600906","ﾎｯｶｲﾄﾞｳ","ｻｯﾎﾟﾛｼﾋｶﾞｼｸ","ｷﾀ6ｼﾞｮｳﾋｶﾞｼ","北海道","札幌市東区","北六条東二丁目",1,0,1,0,0,0
01103,"060  ","0600906","ﾎｯｶｲﾄﾞｳ","ｻｯﾎﾟﾛｼﾋｶﾞｼｸ","ｷﾀ6ｼﾞｮｳﾋｶﾞｼ","北海道","札幌市東区","北六条東三丁目",1,0,1,0,0,0
01103,"060  ","0600906","ﾎｯｶｲﾄﾞｳ","ｻｯﾎﾟﾛｼﾋｶﾞｼｸ","ｷﾀ6ｼﾞｮｳﾋｶﾞｼ","北海道","札幌市東区","北六条東四丁目",1,0,1,0,0,0
01103,"060  ","0600906","ﾎｯｶｲﾄﾞｳ","ｻｯﾎﾟﾛｼﾋｶﾞｼｸ","ｷﾀ6ｼﾞｮｳﾋｶﾞｼ","北海道","札幌市東区","北六条東五丁目",1,0,1,0,0,0
01103,"060  ","0600906","ﾎｯｶｲﾄﾞｳ","ｻｯﾎﾟﾛｼﾋｶﾞｼｸ","ｷﾀ6ｼﾞｮｳﾋｶﾞｼ","北海道","札幌市東区","北六条東六丁目",1,0,1,0,0,0
01103,"060  ","0600906","ﾎｯｶｲﾄﾞｳ","ｻｯﾎﾟﾛｼﾋｶﾞｼｸ","ｷﾀ6ｼﾞｮｳﾋｶﾞｼ","北海道","札幌市東区","北六条東七丁目",1,0,1,0,0,0
01103,"065  ","0650006","ﾎｯｶｲﾄﾞｳ","ｻｯﾎﾟﾛｼﾋｶﾞｼｸ","ｷﾀ6ｼﾞｮｳﾋｶﾞｼ","北海道","札幌市東区","北六条東八丁目",1,0,1,0,0,0
01103,"065  ","0650006","ﾎｯｶｲﾄﾞｳ","ｻｯﾎﾟﾛｼﾋｶﾞｼｸ","ｷﾀ6ｼﾞｮｳﾋｶﾞｼ","北海道","札幌市東区","北六条東九丁目",1,0,1,0,0,0
01103,"065  ","0650006","ﾎｯｶｲﾄﾞｳ","ｻｯﾎﾟﾛｼﾋｶﾞｼｸ","ｷﾀ6ｼﾞｮｳﾋｶﾞｼ","北海道","札幌市東区","北六条東十丁目",1,0,1,0,0,0
01103,"065  ","0650006","ﾎｯｶｲﾄﾞｳ","ｻｯﾎﾟﾛｼﾋｶﾞｼｸ","ｷﾀ6ｼﾞｮｳﾋｶﾞｼ","北海道","札幌市東区","北六条東十一丁目",1,0,1,0,0,0
01103,"065  ","0650006","ﾎｯｶｲﾄﾞｳ","ｻｯﾎﾟﾛｼﾋｶﾞｼｸ","ｷﾀ6ｼﾞｮｳﾋｶﾞｼ","北海道","札幌市東区","北六条東十二丁目",1,0,1,0,0,0
01103,"065  ","0650006","ﾎｯｶｲﾄﾞｳ","ｻｯﾎﾟﾛｼﾋｶﾞｼｸ","ｷﾀ6ｼﾞｮｳﾋｶﾞｼ","北海道","札幌市東区","北六条東十三丁目",1,0,1,0,0,0
01103,"065  ","0650006","ﾎｯｶｲﾄﾞｳ","ｻｯﾎﾟﾛｼﾋｶﾞｼｸ","ｷﾀ6ｼﾞｮｳﾋｶﾞｼ","北海道","札幌市東区","北六条東十四丁目",1,0,1,0,0,0
01103,"065  ","0650006","ﾎｯｶｲﾄﾞｳ","ｻｯﾎﾟﾛｼﾋｶﾞｼｸ","ｷﾀ6ｼﾞｮｳﾋｶﾞｼ","北海道","札幌市東区","北六条東十五丁目",1,0,1,0,0,0
01103,"065  ","0650006","ﾎｯｶｲﾄﾞｳ","ｻｯﾎﾟﾛｼﾋｶﾞｼｸ","ｷﾀ6ｼﾞｮｳﾋｶﾞｼ","北海道","札幌市東区","北六条東十六丁目",1,0,1,0,0,0
01103,"065  ","0650006","ﾎｯｶｲﾄﾞｳ","ｻｯﾎﾟﾛｼﾋｶﾞｼｸ","ｷﾀ6ｼﾞｮｳﾋｶﾞｼ","北海道","札幌市東区","北六条東十七丁目",1,0,1,0,0,0
01103,"065  ","0650006","ﾎｯｶｲﾄﾞｳ","ｻｯﾎﾟﾛｼﾋｶﾞｼｸ","ｷﾀ6ｼﾞｮｳﾋｶﾞｼ","北海道","札幌市東区","北六条東十八丁目",1,0,1,0,0,0
01103,"065  ","0650006","ﾎｯｶｲﾄﾞｳ","ｻｯﾎﾟﾛｼﾋｶﾞｼｸ","ｷﾀ6ｼﾞｮｳﾋｶﾞｼ","北海道","札幌市東区","北六条東十九丁目",1,0,1,0,0,0
01103,"065  ","0650006","ﾎｯｶｲﾄﾞｳ","ｻｯﾎﾟﾛｼﾋｶﾞｼｸ","ｷﾀ6ｼﾞｮｳﾋｶﾞｼ","北海道","札幌市東区","北六条東二十丁目",1,0,1,0,0,0

01103,"060  ","0600907","ﾎｯｶｲﾄﾞｳ","ｻｯﾎﾟﾛｼﾋｶﾞｼｸ","ｷﾀ7ｼﾞｮｳﾋｶﾞｼ","北海道","札幌市東区","北七条東一丁目",1,0,1,0,0,0
01103,"060  ","0600907","ﾎｯｶｲﾄﾞｳ","ｻｯﾎﾟﾛｼﾋｶﾞｼｸ","ｷﾀ7ｼﾞｮｳﾋｶﾞｼ","北海道","札幌市東区","北七条東二丁目",1,0,1,0,0,0
01103,"060  ","0600907","ﾎｯｶｲﾄﾞｳ","ｻｯﾎﾟﾛｼﾋｶﾞｼｸ","ｷﾀ7ｼﾞｮｳﾋｶﾞｼ","北海道","札幌市東区","北七条東三丁目",1,0,1,0,0,0
01103,"060  ","0600907","ﾎｯｶｲﾄﾞｳ","ｻｯﾎﾟﾛｼﾋｶﾞｼｸ","ｷﾀ7ｼﾞｮｳﾋｶﾞｼ","北海道","札幌市東区","北七条東四丁目",1,0,1,0,0,0
01103,"060  ","0600907","ﾎｯｶｲﾄﾞｳ","ｻｯﾎﾟﾛｼﾋｶﾞｼｸ","ｷﾀ7ｼﾞｮｳﾋｶﾞｼ","北海道","札幌市東区","北七条東五丁目",1,0,1,0,0,0
01103,"060  ","0600907","ﾎｯｶｲﾄﾞｳ","ｻｯﾎﾟﾛｼﾋｶﾞｼｸ","ｷﾀ7ｼﾞｮｳﾋｶﾞｼ","北海道","札幌市東区","北七条東六丁目",1,0,1,0,0,0
01103,"060  ","0600907","ﾎｯｶｲﾄﾞｳ","ｻｯﾎﾟﾛｼﾋｶﾞｼｸ","ｷﾀ7ｼﾞｮｳﾋｶﾞｼ","北海道","札幌市東区","北七条東七丁目",1,0,1,0,0,0
01103,"065  ","0650007","ﾎｯｶｲﾄﾞｳ","ｻｯﾎﾟﾛｼﾋｶﾞｼｸ","ｷﾀ7ｼﾞｮｳﾋｶﾞｼ","北海道","札幌市東区","北七条東八丁目",1,0,1,0,0,0
01103,"065  ","0650007","ﾎｯｶｲﾄﾞｳ","ｻｯﾎﾟﾛｼﾋｶﾞｼｸ","ｷﾀ7ｼﾞｮｳﾋｶﾞｼ","北海道","札幌市東区","北七条東九丁目",1,0,1,0,0,0
01103,"065  ","0650007","ﾎｯｶｲﾄﾞｳ","ｻｯﾎﾟﾛｼﾋｶﾞｼｸ","ｷﾀ7ｼﾞｮｳﾋｶﾞｼ","北海道","札幌市東区","北七条東十丁目",1,0,1,0,0,0
01103,"065  ","0650007","ﾎｯｶｲﾄﾞｳ","ｻｯﾎﾟﾛｼﾋｶﾞｼｸ","ｷﾀ7ｼﾞｮｳﾋｶﾞｼ","北海道","札幌市東区","北七条東十一丁目",1,0,1,0,0,0
01103,"065  ","0650007","ﾎｯｶｲﾄﾞｳ","ｻｯﾎﾟﾛｼﾋｶﾞｼｸ","ｷﾀ7ｼﾞｮｳﾋｶﾞｼ","北海道","札幌市東区","北七条東十二丁目",1,0,1,0,0,0
01103,"065  ","0650007","ﾎｯｶｲﾄﾞｳ","ｻｯﾎﾟﾛｼﾋｶﾞｼｸ","ｷﾀ7ｼﾞｮｳﾋｶﾞｼ","北海道","札幌市東区","北七条東十三丁目",1,0,1,0,0,0
01103,"065  ","0650007","ﾎｯｶｲﾄﾞｳ","ｻｯﾎﾟﾛｼﾋｶﾞｼｸ","ｷﾀ7ｼﾞｮｳﾋｶﾞｼ","北海道","札幌市東区","北七条東十四丁目",1,0,1,0,0,0
01103,"065  ","0650007","ﾎｯｶｲﾄﾞｳ","ｻｯﾎﾟﾛｼﾋｶﾞｼｸ","ｷﾀ7ｼﾞｮｳﾋｶﾞｼ","北海道","札幌市東区","北七条東十五丁目",1,0,1,0,0,0
01103,"065  ","0650007","ﾎｯｶｲﾄﾞｳ","ｻｯﾎﾟﾛｼﾋｶﾞｼｸ","ｷﾀ7ｼﾞｮｳﾋｶﾞｼ","北海道","札幌市東区","北七条東十六丁目",1,0,1,0,0,0
01103,"065  ","0650007","ﾎｯｶｲﾄﾞｳ","ｻｯﾎﾟﾛｼﾋｶﾞｼｸ","ｷﾀ7ｼﾞｮｳﾋｶﾞｼ","北海道","札幌市東区","北七条東十七丁目",1,0,1,0,0,0
01103,"065  ","0650007","ﾎｯｶｲﾄﾞｳ","ｻｯﾎﾟﾛｼﾋｶﾞｼｸ","ｷﾀ7ｼﾞｮｳﾋｶﾞｼ","北海道","札幌市東区","北七条東十八丁目",1,0,1,0,0,0
01103,"065  ","0650007","ﾎｯｶｲﾄﾞｳ","ｻｯﾎﾟﾛｼﾋｶﾞｼｸ","ｷﾀ7ｼﾞｮｳﾋｶﾞｼ","北海道","札幌市東区","北七条東十九丁目",1,0,1,0,0,0
01103,"065  ","0650007","ﾎｯｶｲﾄﾞｳ","ｻｯﾎﾟﾛｼﾋｶﾞｼｸ","ｷﾀ7ｼﾞｮｳﾋｶﾞｼ","北海道","札幌市東区","北七条東二十丁目",1,0,1,0,0,0

01103,"060  ","0600908","ﾎｯｶｲﾄﾞｳ","ｻｯﾎﾟﾛｼﾋｶﾞｼｸ","ｷﾀ8ｼﾞｮｳﾋｶﾞｼ","北海道","札幌市東区","北八条東一丁目",1,0,1,0,0,0
01103,"060  ","0600908","ﾎｯｶｲﾄﾞｳ","ｻｯﾎﾟﾛｼﾋｶﾞｼｸ","ｷﾀ8ｼﾞｮｳﾋｶﾞｼ","北海道","札幌市東区","北八条東二丁目",1,0,1,0,0,0
01103,"060  ","0600908","ﾎｯｶｲﾄﾞｳ","ｻｯﾎﾟﾛｼﾋｶﾞｼｸ","ｷﾀ8ｼﾞｮｳﾋｶﾞｼ","北海道","札幌市東区","北八条東三丁目",1,0,1,0,0,0
01103,"060  ","0600908","ﾎｯｶｲﾄﾞｳ","ｻｯﾎﾟﾛｼﾋｶﾞｼｸ","ｷﾀ8ｼﾞｮｳﾋｶﾞｼ","北海道","札幌市東区","北八条東四丁目",1,0,1,0,0,0
01103,"060  ","0600908","ﾎｯｶｲﾄﾞｳ","ｻｯﾎﾟﾛｼﾋｶﾞｼｸ","ｷﾀ8ｼﾞｮｳﾋｶﾞｼ","北海道","札幌市東区","北八条東五丁目",1,0,1,0,0,0
01103,"060  ","0600908","ﾎｯｶｲﾄﾞｳ","ｻｯﾎﾟﾛｼﾋｶﾞｼｸ","ｷﾀ8ｼﾞｮｳﾋｶﾞｼ","北海道","札幌市東区","北八条東六丁目",1,0,1,0,0,0
01103,"060  ","0600908","ﾎｯｶｲﾄﾞｳ","ｻｯﾎﾟﾛｼﾋｶﾞｼｸ","ｷﾀ8ｼﾞｮｳﾋｶﾞｼ","北海道","札幌市東区","北八条東七丁目",1,0,1,0,0,0
01103,"065  ","0650008","ﾎｯｶｲﾄﾞｳ","ｻｯﾎﾟﾛｼﾋｶﾞｼｸ","ｷﾀ8ｼﾞｮｳﾋｶﾞｼ","北海道","札幌市東区","北八条東八丁目",1,0,1,0,0,0
01103,"065  ","0650008","ﾎｯｶｲﾄﾞｳ","ｻｯﾎﾟﾛｼﾋｶﾞｼｸ","ｷﾀ8ｼﾞｮｳﾋｶﾞｼ","北海道","札幌市東区","北八条東九丁目",1,0,1,0,0,0
01103,"065  ","0650008","ﾎｯｶｲﾄﾞｳ","ｻｯﾎﾟﾛｼﾋｶﾞｼｸ","ｷﾀ8ｼﾞｮｳﾋｶﾞｼ","北海道","札幌市東区","北八条東十丁目",1,0,1,0,0,0
01103,"065  ","0650008","ﾎｯｶｲﾄﾞｳ","ｻｯﾎﾟﾛｼﾋｶﾞｼｸ","ｷﾀ8ｼﾞｮｳﾋｶﾞｼ","北海道","札幌市東区","北八条東十一丁目",1,0,1,0,0,0
01103,"065  ","0650008","ﾎｯｶｲﾄﾞｳ","ｻｯﾎﾟﾛｼﾋｶﾞｼｸ","ｷﾀ8ｼﾞｮｳﾋｶﾞｼ","北海道","札幌市東区","北八条東十二丁目",1,0,1,0,0,0
01103,"065  ","0650008","ﾎｯｶｲﾄﾞｳ","ｻｯﾎﾟﾛｼﾋｶﾞｼｸ","ｷﾀ8ｼﾞｮｳﾋｶﾞｼ","北海道","札幌市東区","北八条東十三丁目",1,0,1,0,0,0
01103,"065  ","0650008","ﾎｯｶｲﾄﾞｳ","ｻｯﾎﾟﾛｼﾋｶﾞｼｸ","ｷﾀ8ｼﾞｮｳﾋｶﾞｼ","北海道","札幌市東区","北八条東十四丁目",1,0,1,0,0,0
01103,"065  ","0650008","ﾎｯｶｲﾄﾞｳ","ｻｯﾎﾟﾛｼﾋｶﾞｼｸ","ｷﾀ8ｼﾞｮｳﾋｶﾞｼ","北海道","札幌市東区","北八条東十五丁目",1,0,1,0,0,0
01103,"065  ","0650008","ﾎｯｶｲﾄﾞｳ","ｻｯﾎﾟﾛｼﾋｶﾞｼｸ","ｷﾀ8ｼﾞｮｳﾋｶﾞｼ","北海道","札幌市東区","北八条東十六丁目",1,0,1,0,0,0
01103,"065  ","0650008","ﾎｯｶｲﾄﾞｳ","ｻｯﾎﾟﾛｼﾋｶﾞｼｸ","ｷﾀ8ｼﾞｮｳﾋｶﾞｼ","北海道","札幌市東区","北八条東十七丁目",1,0,1,0,0,0
01103,"065  ","0650008","ﾎｯｶｲﾄﾞｳ","ｻｯﾎﾟﾛｼﾋｶﾞｼｸ","ｷﾀ8ｼﾞｮｳﾋｶﾞｼ","北海道","札幌市東区","北八条東十八丁目",1,0,1,0,0,0
01103,"065  ","0650008","ﾎｯｶｲﾄﾞｳ","ｻｯﾎﾟﾛｼﾋｶﾞｼｸ","ｷﾀ8ｼﾞｮｳﾋｶﾞｼ","北海道","札幌市東区","北八条東十九丁目",1,0,1,0,0,0

01103,"060  ","0600909","ﾎｯｶｲﾄﾞｳ","ｻｯﾎﾟﾛｼﾋｶﾞｼｸ","ｷﾀ9ｼﾞｮｳﾋｶﾞｼ","北海道","札幌市東区","北九条東一丁目",1,0,1,0,0,0
01103,"060  ","0600909","ﾎｯｶｲﾄﾞｳ","ｻｯﾎﾟﾛｼﾋｶﾞｼｸ","ｷﾀ9ｼﾞｮｳﾋｶﾞｼ","北海道","札幌市東区","北九条東二丁目",1,0,1,0,0,0
01103,"060  ","0600909","ﾎｯｶｲﾄﾞｳ","ｻｯﾎﾟﾛｼﾋｶﾞｼｸ","ｷﾀ9ｼﾞｮｳﾋｶﾞｼ","北海道","札幌市東区","北九条東三丁目",1,0,1,0,0,0
01103,"060  ","0600909","ﾎｯｶｲﾄﾞｳ","ｻｯﾎﾟﾛｼﾋｶﾞｼｸ","ｷﾀ9ｼﾞｮｳﾋｶﾞｼ","北海道","札幌市東区","北九条東四丁目",1,0,1,0,0,0
01103,"060  ","0600909","ﾎｯｶｲﾄﾞｳ","ｻｯﾎﾟﾛｼﾋｶﾞｼｸ","ｷﾀ9ｼﾞｮｳﾋｶﾞｼ","北海道","札幌市東区","北九条東五丁目",1,0,1,0,0,0
01103,"060  ","0600909","ﾎｯｶｲﾄﾞｳ","ｻｯﾎﾟﾛｼﾋｶﾞｼｸ","ｷﾀ9ｼﾞｮｳﾋｶﾞｼ","北海道","札幌市東区","北九条東六丁目",1,0,1,0,0,0
01103,"060  ","0600909","ﾎｯｶｲﾄﾞｳ","ｻｯﾎﾟﾛｼﾋｶﾞｼｸ","ｷﾀ9ｼﾞｮｳﾋｶﾞｼ","北海道","札幌市東区","北九条東七丁目",1,0,1,0,0,0
01103,"065  ","0650009","ﾎｯｶｲﾄﾞｳ","ｻｯﾎﾟﾛｼﾋｶﾞｼｸ","ｷﾀ9ｼﾞｮｳﾋｶﾞｼ","北海道","札幌市東区","北九条東八丁目",1,0,1,0,0,0
01103,"065  ","0650009","ﾎｯｶｲﾄﾞｳ","ｻｯﾎﾟﾛｼﾋｶﾞｼｸ","ｷﾀ9ｼﾞｮｳﾋｶﾞｼ","北海道","札幌市東区","北九条東九丁目",1,0,1,0,0,0
01103,"065  ","0650009","ﾎｯｶｲﾄﾞｳ","ｻｯﾎﾟﾛｼﾋｶﾞｼｸ","ｷﾀ9ｼﾞｮｳﾋｶﾞｼ","北海道","札幌市東区","北九条東十丁目",1,0,1,0,0,0
01103,"065  ","0650009","ﾎｯｶｲﾄﾞｳ","ｻｯﾎﾟﾛｼﾋｶﾞｼｸ","ｷﾀ9ｼﾞｮｳﾋｶﾞｼ","北海道","札幌市東区","北九条東十一丁目",1,0,1,0,0,0
01103,"065  ","0650009","ﾎｯｶｲﾄﾞｳ","ｻｯﾎﾟﾛｼﾋｶﾞｼｸ","ｷﾀ9ｼﾞｮｳﾋｶﾞｼ","北海道","札幌市東区","北九条東十二丁目",1,0,1,0,0,0
01103,"065  ","0650009","ﾎｯｶｲﾄﾞｳ","ｻｯﾎﾟﾛｼﾋｶﾞｼｸ","ｷﾀ9ｼﾞｮｳﾋｶﾞｼ","北海道","札幌市東区","北九条東十三丁目",1,0,1,0,0,0
01103,"065  ","0650009","ﾎｯｶｲﾄﾞｳ","ｻｯﾎﾟﾛｼﾋｶﾞｼｸ","ｷﾀ9ｼﾞｮｳﾋｶﾞｼ","北海道","札幌市東区","北九条東十四丁目",1,0,1,0,0,0
01103,"065  ","0650009","ﾎｯｶｲﾄﾞｳ","ｻｯﾎﾟﾛｼﾋｶﾞｼｸ","ｷﾀ9ｼﾞｮｳﾋｶﾞｼ","北海道","札幌市東区","北九条東十五丁目",1,0,1,0,0,0
01103,"065  ","0650009","ﾎｯｶｲﾄﾞｳ","ｻｯﾎﾟﾛｼﾋｶﾞｼｸ","ｷﾀ9ｼﾞｮｳﾋｶﾞｼ","北海道","札幌市東区","北九条東十六丁目",1,0,1,0,0,0

01204,"070  ","0700030","ﾎｯｶｲﾄﾞｳ","ｱｻﾋｶﾜｼ","ﾐﾔｼﾀﾄﾞｵﾘ","北海道","旭川市","宮下通一丁目",1,0,1,0,0,0
01204,"070  ","0700030","ﾎｯｶｲﾄﾞｳ","ｱｻﾋｶﾜｼ","ﾐﾔｼﾀﾄﾞｵﾘ","北海道","旭川市","宮下通二丁目",1,0,1,0,0,0
01204,"070  ","0700030","ﾎｯｶｲﾄﾞｳ","ｱｻﾋｶﾜｼ","ﾐﾔｼﾀﾄﾞｵﾘ","北海道","旭川市","宮下通三丁目",1,0,1,0,0,0
01204,"070  ","0700030","ﾎｯｶｲﾄﾞｳ","ｱｻﾋｶﾜｼ","ﾐﾔｼﾀﾄﾞｵﾘ","北海道","旭川市","宮下通四丁目",1,0,1,0,0,0
01204,"070  ","0700030","ﾎｯｶｲﾄﾞｳ","ｱｻﾋｶﾜｼ","ﾐﾔｼﾀﾄﾞｵﾘ","北海道","旭川市","宮下通五丁目",1,0,1,0,0,0
01204,"070  ","0700030","ﾎｯｶｲﾄﾞｳ","ｱｻﾋｶﾜｼ","ﾐﾔｼﾀﾄﾞｵﾘ","北海道","旭川市","宮下通六丁目",1,0,1,0,0,0
01204,"070  ","0700030","ﾎｯｶｲﾄﾞｳ","ｱｻﾋｶﾜｼ","ﾐﾔｼﾀﾄﾞｵﾘ","北海道","旭川市","宮下通七丁目",1,0,1,0,0,0
01204,"070  ","0700030","ﾎｯｶｲﾄﾞｳ","ｱｻﾋｶﾜｼ","ﾐﾔｼﾀﾄﾞｵﾘ","北海道","旭川市","宮下通八丁目",1,0,1,0,0,0
01204,"070  ","0700030","ﾎｯｶｲﾄﾞｳ","ｱｻﾋｶﾜｼ","ﾐﾔｼﾀﾄﾞｵﾘ","北海道","旭川市","宮下通九丁目",1,0,1,0,0,0
01204,"070  ","0700030","ﾎｯｶｲﾄﾞｳ","ｱｻﾋｶﾜｼ","ﾐﾔｼﾀﾄﾞｵﾘ","北海道","旭川市","宮下通十丁目",1,0,1,0,0,0
01204,"070  ","0700030","ﾎｯｶｲﾄﾞｳ","ｱｻﾋｶﾜｼ","ﾐﾔｼﾀﾄﾞｵﾘ","北海道","旭川市","宮下通十一丁目",1,0,1,0,0,0
01204,"070  ","0700030","ﾎｯｶｲﾄﾞｳ","ｱｻﾋｶﾜｼ","ﾐﾔｼﾀﾄﾞｵﾘ","北海道","旭川市","宮下通十二丁目",1,0,1,0,0,0
01204,"070  ","0700030","ﾎｯｶｲﾄﾞｳ","ｱｻﾋｶﾜｼ","ﾐﾔｼﾀﾄﾞｵﾘ","北海道","旭川市","宮下通十三丁目",1,0,1,0,0,0
01204,"070  ","0700030","ﾎｯｶｲﾄﾞｳ","ｱｻﾋｶﾜｼ","ﾐﾔｼﾀﾄﾞｵﾘ","北海道","旭川市","宮下通十四丁目",1,0,1,0,0,0
01204,"070  ","0700030","ﾎｯｶｲﾄﾞｳ","ｱｻﾋｶﾜｼ","ﾐﾔｼﾀﾄﾞｵﾘ","北海道","旭川市","宮下通十五丁目",1,0,1,0,0,0
01204,"070  ","0700030","ﾎｯｶｲﾄﾞｳ","ｱｻﾋｶﾜｼ","ﾐﾔｼﾀﾄﾞｵﾘ","北海道","旭川市","宮下通十六丁目",1,0,1,0,0,0
01204,"070  ","0700030","ﾎｯｶｲﾄﾞｳ","ｱｻﾋｶﾜｼ","ﾐﾔｼﾀﾄﾞｵﾘ","北海道","旭川市","宮下通十七丁目",1,0,1,0,0,0
01204,"078  ","0788330","ﾎｯｶｲﾄﾞｳ","ｱｻﾋｶﾜｼ","ﾐﾔｼﾀﾄﾞｵﾘ","北海道","旭川市","宮下通十八丁目",1,0,1,0,0,0
01204,"078  ","0788330","ﾎｯｶｲﾄﾞｳ","ｱｻﾋｶﾜｼ","ﾐﾔｼﾀﾄﾞｵﾘ","北海道","旭川市","宮下通十九丁目",1,0,1,0,0,0
01204,"078  ","0788330","ﾎｯｶｲﾄﾞｳ","ｱｻﾋｶﾜｼ","ﾐﾔｼﾀﾄﾞｵﾘ","北海道","旭川市","宮下通二十丁目",1,0,1,0,0,0
01204,"078  ","0788330","ﾎｯｶｲﾄﾞｳ","ｱｻﾋｶﾜｼ","ﾐﾔｼﾀﾄﾞｵﾘ","北海道","旭川市","宮下通二十一丁目",1,0,1,0,0,0
01204,"078  ","0788330","ﾎｯｶｲﾄﾞｳ","ｱｻﾋｶﾜｼ","ﾐﾔｼﾀﾄﾞｵﾘ","北海道","旭川市","宮下通二十二丁目",1,0,1,0,0,0
01204,"078  ","0788330","ﾎｯｶｲﾄﾞｳ","ｱｻﾋｶﾜｼ","ﾐﾔｼﾀﾄﾞｵﾘ","北海道","旭川市","宮下通二十三丁目",1,0,1,0,0,0
01204,"078  ","0788330","ﾎｯｶｲﾄﾞｳ","ｱｻﾋｶﾜｼ","ﾐﾔｼﾀﾄﾞｵﾘ","北海道","旭川市","宮下通二十四丁目",1,0,1,0,0,0
01204,"078  ","0788330","ﾎｯｶｲﾄﾞｳ","ｱｻﾋｶﾜｼ","ﾐﾔｼﾀﾄﾞｵﾘ","北海道","旭川市","宮下通二十五丁目",1,0,1,0,0,0
01204,"078  ","0788330","ﾎｯｶｲﾄﾞｳ","ｱｻﾋｶﾜｼ","ﾐﾔｼﾀﾄﾞｵﾘ","北海道","旭川市","宮下通二十六丁目",1,0,1,0,0,0

13109,"140  ","1400001","ﾄｳｷｮｳﾄ","ｼﾅｶﾞﾜｸ","ｷﾀｼﾅｶﾞﾜ","東京都","品川区","北品川一丁目",1,0,1,0,0,0
13109,"140  ","1400001","ﾄｳｷｮｳﾄ","ｼﾅｶﾞﾜｸ","ｷﾀｼﾅｶﾞﾜ","東京都","品川区","北品川二丁目",1,0,1,0,0,0
13109,"140  ","1400001","ﾄｳｷｮｳﾄ","ｼﾅｶﾞﾜｸ","ｷﾀｼﾅｶﾞﾜ","東京都","品川区","北品川三丁目",1,0,1,0,0,0
13109,"140  ","1400001","ﾄｳｷｮｳﾄ","ｼﾅｶﾞﾜｸ","ｷﾀｼﾅｶﾞﾜ","東京都","品川区","北品川四丁目",1,0,1,0,0,0
13109,"141  ","1410001","ﾄｳｷｮｳﾄ","ｼﾅｶﾞﾜｸ","ｷﾀｼﾅｶﾞﾜ","東京都","品川区","北品川五丁目",1,0,1,0,0,0
13109,"141  ","1410001","ﾄｳｷｮｳﾄ","ｼﾅｶﾞﾜｸ","ｷﾀｼﾅｶﾞﾜ","東京都","品川区","北品川六丁目",1,0,1,0,0,0

23223,"474  ","4740002","ｱｲﾁｹﾝ","ｵｵﾌﾞｼ","ｷﾀｻｷﾁｮｳ","愛知県","大府市","北崎町一丁目",1,0,1,0,0,0
23223,"474  ","4740002","ｱｲﾁｹﾝ","ｵｵﾌﾞｼ","ｷﾀｻｷﾁｮｳ","愛知県","大府市","北崎町二丁目",1,0,1,0,0,0
23223,"474  ","4740002","ｱｲﾁｹﾝ","ｵｵﾌﾞｼ","ｷﾀｻｷﾁｮｳ","愛知県","大府市","北崎町三丁目",1,0,1,0,0,0
23223,"474  ","4740002","ｱｲﾁｹﾝ","ｵｵﾌﾞｼ","ｷﾀｻｷﾁｮｳ","愛知県","大府市","北崎町四丁目",1,0,1,0,0,0
23223,"474  ","4740002","ｱｲﾁｹﾝ","ｵｵﾌﾞｼ","ｷﾀｻｷﾁｮｳ","愛知県","大府市","北崎町五丁目",1,0,1,0,0,0
23223,"474  ","4740002","ｱｲﾁｹﾝ","ｵｵﾌﾞｼ","ｷﾀｻｷﾁｮｳ","愛知県","大府市","北崎町六丁目",1,0,1,0,0,0
23223,"474  ","4740002","ｱｲﾁｹﾝ","ｵｵﾌﾞｼ","ｷﾀｻｷﾁｮｳ","愛知県","大府市","北崎町七丁目",1,0,1,0,0,0
23223,"474  ","4740001","ｱｲﾁｹﾝ","ｵｵﾌﾞｼ","ｷﾀｻｷﾁｮｳ","愛知県","大府市","北崎町",1,0,1,0,0,0

27229,"575  ","5750022","ｵｵｻｶﾌ","ｼｼﾞｮｳﾅﾜﾃｼ","ﾐﾅﾐﾉ","大阪府","四條畷市","南野",1,0,0,0,0,0
27229,"575  ","5750021","ｵｵｻｶﾌ","ｼｼﾞｮｳﾅﾜﾃｼ","ﾐﾅﾐﾉ","大阪府","四條畷市","南野一丁目",1,0,1,0,0,0
27229,"575  ","5750021","ｵｵｻｶﾌ","ｼｼﾞｮｳﾅﾜﾃｼ","ﾐﾅﾐﾉ","大阪府","四條畷市","南野二丁目",1,0,1,0,0,0
27229,"575  ","5750021","ｵｵｻｶﾌ","ｼｼﾞｮｳﾅﾜﾃｼ","ﾐﾅﾐﾉ","大阪府","四條畷市","南野三丁目",1,0,1,0,0,0
27229,"575  ","5750021","ｵｵｻｶﾌ","ｼｼﾞｮｳﾅﾜﾃｼ","ﾐﾅﾐﾉ","大阪府","四條畷市","南野四丁目",1,0,1,0,0,0
27229,"575  ","5750021","ｵｵｻｶﾌ","ｼｼﾞｮｳﾅﾜﾃｼ","ﾐﾅﾐﾉ","大阪府","四條畷市","南野五丁目",1,0,1,0,0,0
27229,"575  ","5750021","ｵｵｻｶﾌ","ｼｼﾞｮｳﾅﾜﾃｼ","ﾐﾅﾐﾉ","大阪府","四條畷市","南野六丁目",1,0,1,0,0,0
